{"baseline/bin_infeasible/mean_residual":0.36403846775209103,"baseline/bin_easy/conv_rate":0,"baseline/per_sample_time_s":0.0049794966593766825,"_timestamp":1.775559565053172e+09,"baseline/mean_iters":50,"baseline/bin_moderate/max_vm_error":0.2685660139330772,"baseline/bin_easy/state_mse":0.024553170018570766,"_wandb":{"runtime":322},"_step":0,"baseline/bin_infeasible/count":21734,"baseline/bin_moderate/conv_rate":0,"baseline/bin_easy/max_vm_error":0.26438536737033586,"baseline/bin_infeasible/conv_rate":0,"baseline/bin_moderate/mean_residual":0.052592431044811136,"baseline/bin_moderate/state_mse":0.023849445325859638,"baseline/bin_moderate/count":3229,"_runtime":322,"baseline/max_vm_error_mean":0.2650004820951646,"baseline/bin_easy/mean_residual":0.023594678557082464,"baseline/state_mse":0.024449628278264367,"baseline/total_time_s":217.5044140815735,"baseline/max_vm_error_worst":0.5032482147216797,"baseline/max_vm_error_p95":0.39334021508693695,"baseline/feasible_conv_rate":0,"baseline/bin_easy/count":18717,"baseline/convergence_rate":0,"baseline/total_samples":43680}