{"inference/mu_traj_nonconv_step17":0.30525058726998605,"inference/bin_infeasible/mean_residual":0.19437573375037367,"inference/bin_infeasible/infeas_prec":1,"inference/reject_mu_mse@cov90":1.8147993039994564e-13,"inference/bin_moderate/infeas_f1":0,"inference/mu_traj_nonconv_step2":0.0005125219214433347,"inference/mu_traj_nonconv_step14":0.0684715058494612,"inference/mu_traj_nonconv_step16":0.1787484118265628,"inference/mu_traj_nonconv_step19":0.977764757034662,"inference/reject_mu_mse@cov70":1.4562107436144853e-13,"_step":0,"inference/infeasibility_precision":1,"inference/bin_easy/infeas_prec":0,"inference/mu_growth_rate_nonconv":128,"inference/reject_residual_mse@cov95":2.2511255034233223e-13,"inference/bin_easy/conv_rate":0,"inference/mu_traj_nonconv_step11":0.02810992832454196,"inference/mu_traj_nonconv_step6":0.0029071158845283924,"inference/per_sample_time_s":0.002409796908759811,"inference/mu_traj_nonconv_step1":0.0005080776209662324,"inference/max_vm_error_p95":1.0728836059570312e-06,"inference/mu_traj_nonconv_step0":0.0010000000474974513,"inference/reject_mu_mse@cov95":1.8827428215632162e-13,"inference/infeasibility_auroc":1,"inference/mu_traj_nonconv_step18":0.5402784979741841,"inference/infeasibility_f1":1,"inference/bin_moderate/mean_residual":2.0600855350494385e-06,"inference/reject_mu_mse@cov50":1.333135844311607e-13,"inference/feasibility_ece":7.773148007397773e-08,"_timestamp":1.775616181174206e+09,"inference/bin_easy/infeas_rec":0,"inference/state_mse":2.336616644338107e-13,"inference/reject_mu_mse@cov80":1.71636691936447e-13,"inference/bin_easy/count":7335,"inference/mu_traj_nonconv_step15":0.1042559668428287,"inference/reject_residual_mse@cov100":2.336616644338107e-13,"inference/bin_moderate/count":2,"inference/total_samples":15413,"inference/bin_easy/state_mse":2.3345374274355093e-13,"inference/reject_mu_mse@cov100":2.336616644338107e-13,"inference/reject_residual_auroc_hard_detect":0.7684207155177052,"inference/mu_traj_nonconv_step3":0.0007768523693451418,"inference/spearman_residual_vs_error":0.5103082078421604,"inference/bin_infeasible/count":8076,"inference/mu_final_bin_moderate":0.0050000002374872565,"inference/bin_infeasible/conv_rate":0,"inference/convergence_rate":0,"inference/mu_traj_nonconv_step8":0.007621290273511343,"inference/bin_moderate/max_vm_error":2.8014183044433594e-06,"inference/mu_traj_nonconv_step5":0.0018168916713233473,"inference/max_vm_error_worst":4.112720489501953e-06,"inference/bin_easy/max_vm_error":4.0512468510935234e-07,"inference/mu_traj_nonconv_step13":0.052663209899343866,"inference/bin_infeasible/infeas_rec":1,"inference/bin_moderate/infeas_prec":0,"inference/mu_traj_nonconv_step7":0.004766131596813142,"inference/bin_easy/infeas_f1":0,"inference/mu_traj_nonconv_step9":0.011722382079280488,"inference/max_vm_error_mean":4.057778931287974e-07,"inference/reject_residual_mse@cov50":7.888975612639557e-14,"inference/reject_mu_auroc_hard_detect":0.5844974829638996,"inference/infeasibility_recall":1,"inference/mean_iters":20,"inference/mu_final_bin_easy":1.250611511343597,"inference/mu_final_bin_infeasible":0.730193507239907,"inference/feasible_conv_rate":0,"inference/bin_moderate/infeas_rec":0,"_runtime":55,"inference/total_time_s":37.142199754714966,"inference/mu_traj_nonconv_step4":0.0012582155272245596,"inference/bin_moderate/state_mse":9.962144634613826e-13,"inference/mu_traj_nonconv_step12":0.03867863123074885,"inference/reject_residual_mse@cov80":1.8324080634417764e-13,"inference/reject_residual_mse@cov70":1.4963558549882698e-13,"inference/mu_traj_nonconv_step10":0.017853164573406362,"inference/bin_infeasible/infeas_f1":1,"inference/bin_moderate/conv_rate":0,"inference/reject_residual_mse@cov90":2.0197415672597726e-13,"_wandb":{"runtime":55},"inference/bin_easy/mean_residual":1.8335650026796245e-06,"inference/spearman_mu_vs_error":-0.024084121429350125}