{"baseline/bin_infeasible/count":21734,"baseline/bin_easy/conv_rate":1,"baseline/max_vm_error_p95":1.1920928955078125e-06,"baseline/bin_easy/mean_residual":1.5413675240908228e-06,"baseline/mean_iters":50,"baseline/bin_moderate/conv_rate":1,"baseline/max_vm_error_mean":5.503312659048506e-07,"baseline/feasible_conv_rate":1,"baseline/total_samples":43680,"_runtime":231,"baseline/mean_iters_converged":50,"_wandb":{"runtime":231},"baseline/max_vm_error_worst":0.0012257695198059082,"baseline/bin_infeasible/conv_rate":0.004002944694948008,"baseline/state_mse":2.4778959648879603e-11,"_timestamp":1.7756185346509967e+09,"baseline/bin_moderate/mean_residual":2.090058295555364e-06,"baseline/convergence_rate":0.5044184981684982,"baseline/bin_moderate/max_vm_error":8.986861098046397e-06,"baseline/bin_moderate/state_mse":1.7650123381457115e-09,"baseline/total_time_s":129.96809196472168,"baseline/bin_easy/max_vm_error":4.3103467955386573e-07,"baseline/bin_moderate/count":306,"baseline/bin_easy/count":21640,"baseline/bin_easy/state_mse":1.7122333556950445e-13,"baseline/per_sample_time_s":0.002975459980877328,"_step":0,"baseline/bin_infeasible/mean_residual":0.13877113025182633}