{"inference/bin_easy/count":7109,"inference/mu_traj_nonconv_step9":0.010902211289103821,"inference/infeasibility_f1":0.9998214285714285,"inference/mu_final_bin_moderate":0.16161559633911926,"inference/state_mse":4.0462973029845167e-11,"inference/mu_traj_nonconv_step6":0.00275870298402942,"inference/reject_mu_mse@cov95":4.245340979569042e-11,"inference/infeasibility_precision":1,"_timestamp":1.7756168727789524e+09,"inference/max_vm_error_mean":8.187825923275909e-07,"inference/mu_traj_nonconv_step1":0.0005099806818630136,"inference/reject_residual_mse@cov80":4.450393778786442e-11,"inference/reject_residual_mse@cov50":7.002798668159422e-11,"inference/bin_infeasible/infeas_f1":0.9998214285714285,"inference/reject_mu_mse@cov90":4.476687863063262e-11,"_wandb":{"runtime":48},"inference/feasibility_ece":0.00015077767580868467,"inference/convergence_rate":0,"inference/mu_traj_nonconv_step0":0.0010000000474974513,"inference/mu_final_bin_easy":1.0904056643952291,"inference/mu_traj_nonconv_step17":0.3181854571161407,"inference/reject_mu_mse@cov70":5.7353489094620355e-11,"inference/feasible_conv_rate":0,"inference/bin_infeasible/conv_rate":0,"inference/reject_residual_mse@cov90":3.96955345092525e-11,"inference/mean_iters":20,"inference/reject_residual_mse@cov70":5.0758797245734834e-11,"inference/bin_infeasible/infeas_prec":1,"inference/bin_easy/conv_rate":0,"inference/reject_residual_auroc_hard_detect":0.7460627114614767,"inference/mu_traj_nonconv_step14":0.07795401884783586,"inference/mu_traj_nonconv_step12":0.03600780229130511,"inference/bin_easy/infeas_prec":0,"inference/mu_traj_nonconv_step7":0.004498381499928571,"inference/reject_mu_mse@cov50":8.017013855792462e-11,"inference/bin_moderate/conv_rate":0,"inference/mu_traj_nonconv_step8":0.007149440015595637,"inference/reject_mu_mse@cov80":5.02347628545535e-11,"inference/infeasibility_auroc":1,"inference/mu_traj_nonconv_step19":1.011338656141664,"inference/bin_easy/mean_residual":1.8291087770291256e-06,"inference/bin_moderate/state_mse":1.36346494963691e-09,"inference/spearman_mu_vs_error":-0.013398060715132942,"inference/mu_traj_nonconv_step4":0.001024008752699699,"inference/total_time_s":32.30114936828613,"inference/bin_easy/state_mse":4.5095657598119824e-13,"inference/bin_easy/max_vm_error":5.317381589049477e-07,"inference/bin_infeasible/count":5601,"inference/reject_residual_mse@cov100":4.0462973029845167e-11,"inference/mu_traj_nonconv_step15":0.12213571289282968,"inference/mu_traj_nonconv_step3":0.0006240909387336366,"inference/mu_final_bin_infeasible":0.9436013049870401,"inference/spearman_residual_vs_error":0.4820651323188446,"inference/reject_residual_mse@cov95":4.1979601457461383e-11,"inference/mu_traj_nonconv_step10":0.016800878759797723,"inference/bin_moderate/infeas_f1":0,"inference/infeasibility_recall":0.9996429209069809,"inference/per_sample_time_s":0.00249912180799119,"inference/mu_traj_nonconv_step5":0.0016704715493624797,"_runtime":48,"inference/reject_mu_auroc_hard_detect":0.5870861111848524,"inference/mu_traj_nonconv_step18":0.5506515385608538,"inference/bin_infeasible/mean_residual":0.161145071267092,"inference/mu_traj_nonconv_step16":0.19577877720578651,"inference/bin_easy/infeas_rec":0,"inference/max_vm_error_worst":0.0008766651153564453,"inference/bin_moderate/mean_residual":2.5475960831309473e-06,"inference/mu_traj_nonconv_step13":0.05088793944293283,"inference/bin_infeasible/infeas_rec":0.9996429209069809,"_step":0,"inference/mu_growth_rate_nonconv":512,"inference/total_samples":12925,"inference/reject_mu_mse@cov100":4.0462973029845167e-11,"inference/bin_moderate/infeas_prec":0,"inference/bin_easy/infeas_f1":0,"inference/bin_moderate/max_vm_error":1.0309940160706986e-05,"inference/bin_moderate/infeas_rec":0,"inference/mu_traj_nonconv_step11":0.02550156254013973,"inference/max_vm_error_p95":1.4901161193847656e-06,"inference/mu_traj_nonconv_step2":0.0004496712012421808,"inference/bin_moderate/count":215}