{"inference/bin_easy/count":21640,"inference/bin_infeasible/conv_rate":0,"inference/mu_final_bin_easy":0.0032048742099578687,"inference/reject_residual_mse@cov50":4.177921269283181e-11,"inference/reject_mu_mse@cov95":3.1730175403103434e-11,"_wandb":{"runtime":130},"inference/mu_traj_nonconv_step2":0.000492307715691053,"inference/mu_traj_nonconv_step7":0.0051830064489611785,"inference/bin_easy/infeas_prec":0,"inference/bin_moderate/infeas_f1":0,"inference/mu_traj_nonconv_step0":0.0010000000474974513,"inference/max_vm_error_mean":7.41434957708861e-07,"inference/mu_traj_nonconv_step3":0.0007355683728497093,"_timestamp":1.7756157775521293e+09,"inference/mean_iters":10,"inference/bin_moderate/conv_rate":0,"inference/max_vm_error_p95":1.3113021850585938e-06,"inference/infeasibility_f1":1,"inference/bin_moderate/mean_residual":3.3144005178626066e-06,"inference/mu_final_bin_infeasible":0.019959700019046844,"inference/infeasibility_precision":1,"inference/bin_easy/state_mse":3.4601364781947334e-13,"inference/reject_mu_mse@cov70":4.276479944890313e-11,"inference/bin_moderate/count":306,"inference/reject_mu_mse@cov50":5.977417285908689e-11,"inference/bin_moderate/infeas_prec":0,"inference/bin_infeasible/infeas_prec":1,"inference/bin_infeasible/infeas_f1":1,"_runtime":130,"inference/reject_residual_auroc_hard_detect":0.7596206853190074,"inference/reject_residual_mse@cov100":3.0212876082517784e-11,"inference/infeasibility_recall":1,"inference/bin_easy/conv_rate":0,"inference/mu_traj_nonconv_step5":0.0020325829433831643,"inference/reject_mu_auroc_hard_detect":0.6248510081193219,"inference/reject_residual_mse@cov80":2.6790659150615687e-11,"inference/bin_infeasible/infeas_rec":1,"inference/convergence_rate":0,"inference/bin_easy/infeas_rec":0,"inference/bin_infeasible/mean_residual":0.4280007054075068,"inference/bin_moderate/state_mse":2.1423661541441893e-09,"inference/reject_mu_mse@cov100":3.0212876082517784e-11,"inference/mu_traj_nonconv_step1":0.00050831046370389,"inference/total_samples":43680,"inference/reject_mu_mse@cov80":3.7474687253342544e-11,"inference/infeasibility_auroc":1,"inference/max_vm_error_worst":0.0011712312698364258,"inference/bin_infeasible/count":21734,"inference/reject_residual_mse@cov90":2.569802731454784e-11,"inference/bin_easy/infeas_f1":0,"inference/spearman_mu_vs_error":0.010449702715563225,"inference/mu_traj_nonconv_step4":0.0012395948390973729,"inference/feasibility_ece":6.237432730379481e-06,"_step":0,"inference/spearman_residual_vs_error":0.49761713879357194,"inference/total_time_s":78.05338597297668,"inference/reject_residual_mse@cov70":3.018186320307652e-11,"inference/reject_mu_mse@cov90":3.3424491685462796e-11,"inference/bin_easy/max_vm_error":4.877582495402056e-07,"inference/feasible_conv_rate":0,"inference/per_sample_time_s":0.001786936492055327,"inference/bin_moderate/infeas_rec":0,"inference/bin_easy/mean_residual":2.334746233639613e-06,"inference/state_mse":3.0212876082517784e-11,"inference/mu_traj_nonconv_step9":0.011523104701464714,"inference/mu_final_bin_moderate":0.0005608341259028963,"inference/reject_residual_mse@cov95":2.4734640020010382e-11,"inference/bin_moderate/max_vm_error":1.8681186476564096e-05,"inference/mu_traj_nonconv_step6":0.003299108372701979,"inference/mu_growth_rate_nonconv":2,"inference/mu_traj_nonconv_step8":0.007760022207094309}