{"inference/mu_final_bin_infeasible":0.6981439045607,"inference/bin_moderate/mean_residual":2.8149381782231705e-06,"inference/mu_traj_nonconv_step4":0.001038045121654906,"inference/reject_mu_mse@cov80":3.9384399758683597e-13,"inference/bin_easy/infeas_rec":0,"inference/reject_mu_mse@cov95":4.0134213723457964e-13,"_wandb":{"runtime":55},"inference/mu_traj_nonconv_step18":0.5467677087404078,"inference/bin_easy/max_vm_error":4.4017649147495953e-07,"inference/mu_traj_nonconv_step15":0.11027807682679491,"inference/infeasibility_f1":1,"inference/mu_traj_nonconv_step5":0.0016658438413446862,"inference/per_sample_time_s":0.0024104821699070596,"inference/reject_residual_auroc_hard_detect":0.7897081853623726,"inference/mu_traj_nonconv_step1":0.000513101314945896,"inference/bin_infeasible/infeas_prec":1,"inference/mu_traj_nonconv_step12":0.031516853740428674,"inference/reject_mu_mse@cov70":3.9302279590297087e-13,"inference/mu_traj_nonconv_step17":0.30345616954514015,"inference/max_vm_error_p95":1.1920928955078125e-06,"inference/bin_moderate/infeas_prec":0,"inference/reject_mu_mse@cov50":3.8498792079283664e-13,"inference/bin_easy/conv_rate":0,"inference/feasible_conv_rate":0,"inference/bin_easy/infeas_prec":0,"inference/bin_easy/infeas_f1":0,"inference/reject_residual_mse@cov100":4.215779206060708e-13,"inference/bin_infeasible/conv_rate":0,"inference/reject_residual_mse@cov80":2.775691548677285e-13,"inference/infeasibility_auroc":1,"inference/reject_residual_mse@cov50":1.0949877195655755e-13,"inference/bin_moderate/infeas_f1":0,"inference/bin_moderate/conv_rate":0,"inference/bin_infeasible/count":8057,"inference/reject_residual_mse@cov90":3.6192855214229406e-13,"inference/bin_moderate/max_vm_error":3.248118282703871e-06,"inference/mu_traj_nonconv_step7":0.00419772641662807,"inference/mu_final_bin_easy":1.3057105956477169,"inference/spearman_mu_vs_error":-0.07162796734289678,"inference/max_vm_error_worst":5.942583084106445e-05,"inference/mu_traj_nonconv_step11":0.022628548227070267,"inference/bin_easy/mean_residual":1.9037029916768514e-06,"inference/reject_mu_auroc_hard_detect":0.560504954624751,"inference/convergence_rate":0,"_timestamp":1.775616183501025e+09,"inference/mu_traj_nonconv_step8":0.006436906806274393,"inference/mu_growth_rate_nonconv":128,"inference/mu_final_bin_moderate":0.2062641425217397,"_step":0,"inference/reject_residual_mse@cov70":1.7029245033518624e-13,"inference/mu_traj_nonconv_step10":0.014952655188116771,"inference/mu_traj_nonconv_step9":0.009698890761806711,"inference/total_time_s":36.98161745071411,"inference/bin_infeasible/mean_residual":0.141322627062073,"inference/max_vm_error_mean":4.7448079064028184e-07,"inference/mu_traj_nonconv_step14":0.06687922312390318,"inference/mu_traj_nonconv_step2":0.00046392258754159233,"inference/bin_easy/count":7196,"inference/mu_traj_nonconv_step3":0.0006579732420459496,"inference/mu_traj_nonconv_step19":0.9802630943821512,"inference/bin_infeasible/infeas_rec":1,"inference/infeasibility_precision":1,"inference/reject_residual_mse@cov95":3.694615494564164e-13,"inference/feasibility_ece":8.025016023942752e-06,"inference/state_mse":4.215779206060708e-13,"inference/reject_mu_mse@cov100":4.215779206060708e-13,"inference/mu_traj_nonconv_step0":0.0010000000474974513,"inference/infeasibility_recall":1,"inference/spearman_residual_vs_error":0.544106335626344,"inference/total_samples":15342,"inference/mu_traj_nonconv_step16":0.1840921894457817,"inference/bin_moderate/state_mse":1.392925375939735e-11,"inference/reject_mu_mse@cov90":4.032600578837643e-13,"inference/bin_easy/state_mse":2.5451522610184293e-13,"inference/bin_moderate/infeas_rec":0,"inference/mu_traj_nonconv_step6":0.002679400425465702,"inference/bin_moderate/count":89,"inference/bin_infeasible/infeas_f1":1,"inference/mu_traj_nonconv_step13":0.045420644972851365,"_runtime":55,"inference/mean_iters":20}