{"inference/reject_residual_mse@cov95":1.3751965886630895e-12,"inference/total_time_s":37.30107545852661,"inference/mean_iters":20,"inference/mu_traj_nonconv_step4":0.0010385095330965966,"inference/spearman_residual_vs_error":0.5471769412816625,"inference/mu_traj_nonconv_step8":0.006446048378863463,"inference/reject_residual_mse@cov90":1.4044080899847992e-12,"inference/bin_easy/conv_rate":0,"inference/mu_final_bin_infeasible":0.699205046368657,"inference/bin_infeasible/infeas_prec":1,"inference/max_vm_error_mean":5.178363174302331e-07,"inference/infeasibility_precision":0.9375,"inference/bin_easy/infeas_f1":0,"inference/mu_traj_nonconv_step5":0.0016674081746219601,"inference/convergence_rate":0,"inference/mu_traj_nonconv_step15":0.10901452364418543,"inference/reject_mu_mse@cov90":1.4306197162920393e-12,"inference/reject_residual_auroc_hard_detect":0.7873860229792325,"inference/reject_mu_mse@cov95":1.4030497970979908e-12,"inference/reject_residual_mse@cov70":6.525292601647172e-13,"inference/reject_mu_auroc_hard_detect":0.5600766999457182,"inference/mu_traj_nonconv_step11":0.022577156288889153,"inference/bin_easy/max_vm_error":4.407977183173934e-07,"inference/bin_easy/infeas_rec":0,"inference/mu_final_bin_easy":1.2906420151654607,"inference/infeasibility_f1":0.003716090672612412,"inference/mu_traj_nonconv_step13":0.045012564805834654,"inference/reject_mu_mse@cov70":1.7565240709587251e-12,"inference/state_mse":1.383615652793626e-12,"inference/bin_infeasible/infeas_f1":0.0037165510406342917,"inference/infeasibility_auroc":1,"inference/mu_traj_nonconv_step10":0.014931704350570037,"inference/bin_easy/infeas_prec":0,"inference/bin_infeasible/conv_rate":0,"inference/mu_traj_nonconv_step6":0.002682856013232493,"inference/infeasibility_recall":0.0018617351371478217,"inference/mu_traj_nonconv_step3":0.0006579243566310349,"inference/mu_traj_nonconv_step17":0.3006312298875649,"inference/mu_traj_nonconv_step2":0.00046392258754159233,"_timestamp":1.7756167273125e+09,"inference/reject_residual_mse@cov100":1.383615652793626e-12,"inference/bin_moderate/count":89,"inference/bin_moderate/infeas_f1":0,"inference/reject_residual_mse@cov50":6.856190943848701e-14,"inference/reject_mu_mse@cov80":1.5651872604822576e-12,"inference/max_vm_error_p95":1.1920928955078125e-06,"inference/mu_traj_nonconv_step18":0.5398914776853505,"inference/feasibility_ece":8.02501104605579e-06,"inference/mu_traj_nonconv_step19":0.9737799912406997,"inference/bin_moderate/mean_residual":2.782289566618673e-06,"inference/feasible_conv_rate":0,"inference/bin_infeasible/mean_residual":0.14135064380293125,"inference/mu_traj_nonconv_step14":0.06656799717325153,"inference/mu_traj_nonconv_step0":0.0010000000474974513,"inference/bin_moderate/max_vm_error":6.74671001648635e-06,"inference/bin_moderate/conv_rate":0,"inference/reject_mu_mse@cov50":2.2201244208093424e-12,"inference/bin_infeasible/infeas_rec":0.0018617351371478217,"inference/mu_final_bin_moderate":0.21098456058302617,"inference/mu_growth_rate_nonconv":128,"inference/total_samples":15342,"inference/mu_traj_nonconv_step7":0.0042033222689666005,"inference/reject_residual_mse@cov80":6.290794486405838e-13,"inference/mu_traj_nonconv_step12":0.03136545026359524,"inference/reject_mu_mse@cov100":1.383615652793626e-12,"inference/per_sample_time_s":0.0024313046185977455,"inference/bin_moderate/infeas_rec":0,"inference/bin_easy/mean_residual":1.899675731711528e-06,"inference/max_vm_error_worst":0.00019246339797973633,"inference/bin_easy/count":7196,"inference/bin_moderate/state_mse":9.315508744511363e-11,"_runtime":56,"inference/mu_traj_nonconv_step9":0.009704408703015222,"_step":0,"inference/spearman_mu_vs_error":-0.08137541544226523,"inference/bin_infeasible/count":8057,"inference/mu_traj_nonconv_step1":0.000513101314945896,"inference/bin_easy/state_mse":2.485877220659328e-13,"inference/bin_moderate/infeas_prec":0,"_wandb":{"runtime":56},"inference/mu_traj_nonconv_step16":0.1824595030441566}