{"inference/convergence_rate":0,"inference/bin_moderate/infeas_prec":0,"inference/bin_easy/infeas_f1":0,"_timestamp":1.7755605561357899e+09,"inference/mu_traj_nonconv_step9":0.025728966092638896,"inference/mu_traj_nonconv_step6":0.005576648616524935,"inference/total_time_s":139.3284730911255,"inference/mu_traj_nonconv_step8":0.015054706190249014,"inference/mu_traj_nonconv_step5":0.0034122726552061147,"inference/mu_traj_nonconv_step7":0.008940635082967798,"inference/max_vm_error_p95":0.39421209692955017,"inference/bin_easy/state_mse":0.025064058344548484,"inference/reject_residual_mse@cov100":0.02519429428100097,"inference/bin_easy/infeas_prec":0,"inference/reject_mu_mse@cov95":0.025080318309565273,"inference/state_mse":0.02519429428100097,"inference/mu_final_bin_moderate":2.6119878718174836,"inference/bin_easy/mean_residual":0.0249832007157651,"inference/reject_mu_mse@cov90":0.024891932786170818,"inference/reject_mu_mse@cov70":0.023932617987791515,"inference/feasible_conv_rate":0,"inference/mu_traj_nonconv_step14":0.18108544552897596,"inference/bin_moderate/count":3229,"inference/mu_traj_nonconv_step4":0.0020081474168104512,"inference/reject_residual_auroc_hard_detect":0.6529470209260481,"inference/mu_traj_nonconv_step19":1.7035121720440074,"inference/bin_infeasible/infeas_prec":1,"inference/mu_traj_nonconv_step0":0.0010000000474974513,"inference/reject_residual_mse@cov70":0.025153252823319903,"inference/mu_traj_nonconv_step11":0.06741311358704923,"inference/bin_easy/count":18717,"inference/reject_residual_mse@cov80":0.025657534698535895,"inference/bin_moderate/infeas_rec":0,"inference/reject_mu_mse@cov50":0.022962054752102324,"inference/reject_mu_mse@cov80":0.024388069527002666,"inference/bin_moderate/conv_rate":0,"inference/bin_moderate/mean_residual":0.055118886947161126,"inference/bin_moderate/infeas_f1":0,"inference/mu_traj_nonconv_step1":0.0005105769473280256,"inference/bin_infeasible/infeas_rec":0.007729824238520291,"inference/mu_traj_nonconv_step12":0.09792733267300825,"inference/bin_easy/max_vm_error":0.26644218469867276,"inference/mu_traj_nonconv_step17":0.634390987136375,"inference/mu_traj_nonconv_step2":0.0006811126697137517,"inference/mu_final_bin_easy":1.2979605095380966,"inference/reject_residual_mse@cov90":0.025553961793386655,"inference/infeasibility_f1":0.015185754316189098,"_step":0,"inference/infeasibility_precision":0.42857142857142855,"inference/bin_moderate/max_vm_error":0.27737532050737324,"inference/bin_infeasible/conv_rate":0,"inference/mean_iters":20,"inference/max_vm_error_mean":0.26805081932577085,"inference/spearman_mu_vs_error":0.12351344567641265,"inference/mu_traj_nonconv_step3":0.0011519059613060013,"inference/infeasibility_recall":0.007729824238520291,"inference/reject_mu_auroc_hard_detect":0.6530282124016508,"inference/reject_residual_mse@cov95":0.025298604548913868,"inference/per_sample_time_s":0.0031897544205843746,"inference/spearman_residual_vs_error":0.34237297276699874,"_wandb":{"runtime":193},"inference/bin_moderate/state_mse":0.02594921098046868,"inference/mu_traj_nonconv_step15":0.2571093643070874,"inference/max_vm_error_worst":0.559999942779541,"inference/mu_final_bin_infeasible":1.917795894900112,"inference/bin_infeasible/mean_residual":0.4849831879079298,"inference/mu_traj_nonconv_step10":0.04281966836602797,"inference/bin_infeasible/infeas_f1":0.015341064742945852,"inference/mu_growth_rate_nonconv":512,"inference/mu_traj_nonconv_step13":0.13428919735404463,"inference/reject_mu_mse@cov100":0.02519429428100097,"inference/bin_easy/infeas_rec":0,"inference/total_samples":43680,"inference/feasibility_ece":5.537405250351453e-07,"inference/mu_traj_nonconv_step16":0.39978360281210445,"inference/mu_traj_nonconv_step18":1.0197135373374662,"inference/bin_infeasible/count":21734,"_runtime":193,"inference/reject_residual_mse@cov50":0.02049614223488232,"inference/bin_easy/conv_rate":0,"inference/infeasibility_auroc":1}