{"inference/bin_easy/conv_rate":0,"inference/per_sample_time_s":0.0032468439762550812,"inference/mu_traj_nonconv_step12":0.11487859013970884,"inference/mu_traj_nonconv_step9":0.035626779829270136,"inference/max_vm_error_mean":0.25243790082303896,"inference/bin_moderate/infeas_rec":0,"inference/infeasibility_recall":0.9987502231744332,"inference/mu_traj_nonconv_step11":0.09375052673440265,"inference/spearman_residual_vs_error":0.4988031309441685,"inference/feasible_conv_rate":0,"inference/mu_traj_nonconv_step18":0.8167910089357215,"inference/bin_infeasible/infeas_prec":1,"inference/total_samples":12925,"inference/reject_residual_mse@cov95":0.02318371692434337,"inference/mu_final_bin_moderate":0.9866039746134656,"inference/bin_infeasible/mean_residual":0.3360001657359665,"inference/mu_traj_nonconv_step0":0.0010000000474974513,"inference/mu_final_bin_infeasible":2.589377734129705,"inference/mu_traj_nonconv_step10":0.0613321308749186,"inference/bin_moderate/infeas_f1":0,"inference/infeasibility_auroc":0.9999942225733858,"inference/reject_mu_mse@cov70":0.021978926445144462,"inference/reject_residual_mse@cov50":0.013823861660222357,"inference/bin_infeasible/infeas_f1":0.9993747208575257,"inference/mu_traj_nonconv_step6":0.0061993716677618835,"inference/bin_easy/infeas_prec":0,"inference/reject_mu_mse@cov80":0.02249183844429446,"inference/bin_infeasible/infeas_rec":0.9987502231744332,"inference/reject_residual_mse@cov70":0.021221669148876993,"inference/reject_mu_mse@cov50":0.02153502949706302,"inference/mu_traj_nonconv_step1":0.0005136944151148416,"inference/reject_mu_mse@cov100":0.02319181547572913,"inference/bin_infeasible/conv_rate":0,"inference/total_time_s":41.965458393096924,"inference/mu_traj_nonconv_step3":0.00109576407525683,"inference/bin_moderate/count":1308,"_timestamp":1.7755610316523247e+09,"inference/bin_moderate/conv_rate":0,"inference/reject_residual_mse@cov80":0.022469135870189446,"inference/mu_traj_nonconv_step15":0.22854138824270545,"inference/reject_mu_mse@cov95":0.023034093750397437,"_step":0,"inference/mu_traj_nonconv_step4":0.0019541393578069634,"inference/bin_moderate/infeas_prec":0,"inference/mu_traj_nonconv_step16":0.33356369482069737,"inference/bin_easy/infeas_f1":0,"inference/bin_moderate/state_mse":0.027059128749702663,"_runtime":58,"inference/reject_mu_auroc_hard_detect":0.647767855678092,"inference/mu_traj_nonconv_step8":0.019966847237059028,"inference/reject_residual_mse@cov90":0.023144066788335405,"inference/infeasibility_precision":0.9982155603140613,"inference/reject_mu_mse@cov90":0.022888505554811506,"inference/bin_moderate/mean_residual":0.04107144729316872,"inference/mu_traj_nonconv_step14":0.15997922778417098,"inference/bin_infeasible/count":5601,"inference/bin_easy/max_vm_error":0.2458898515460339,"inference/spearman_mu_vs_error":0.07539579531505936,"inference/mu_traj_nonconv_step17":0.49393206921728317,"inference/reject_residual_auroc_hard_detect":0.764098848611554,"inference/bin_easy/count":6016,"inference/state_mse":0.02319181547572913,"inference/feasibility_ece":0.0006878466919277178,"inference/bin_moderate/max_vm_error":0.28255492257415704,"inference/infeasibility_f1":0.9984828201695672,"inference/bin_easy/mean_residual":0.010531288394555846,"inference/mu_traj_nonconv_step5":0.003492217283859807,"inference/mu_traj_nonconv_step7":0.01107995821485776,"inference/max_vm_error_p95":0.3844227969646454,"inference/convergence_rate":0,"inference/mu_traj_nonconv_step2":0.0006586847508216287,"inference/mu_traj_nonconv_step13":0.12663367490531086,"inference/mean_iters":20,"inference/bin_easy/infeas_rec":0,"inference/mu_traj_nonconv_step19":1.456274892065861,"inference/mu_final_bin_easy":0.5034525086928794,"inference/reject_residual_mse@cov100":0.02319181547572913,"inference/mu_growth_rate_nonconv":512,"inference/max_vm_error_worst":0.5478954911231995,"inference/bin_easy/state_mse":0.022350983400869193,"_wandb":{"runtime":58}}