{"inference/max_vm_error_p95":7.152557373046875e-07,"inference/bin_infeasible/mean_residual":0.10370051363117308,"inference/bin_moderate/infeas_prec":0,"inference/mu_traj_nonconv_step16":0.11243134909020228,"inference/bin_infeasible/infeas_f1":0.45166959578207383,"inference/reject_residual_mse@cov90":2.0806906946957674e-13,"inference/mu_traj_nonconv_step14":0.03459946258088621,"inference/feasible_conv_rate":0,"inference/mu_final_bin_moderate":0.007653125363503932,"inference/mu_final_bin_infeasible":0.8959923808093389,"inference/mu_traj_nonconv_step18":0.3918410264239492,"inference/bin_easy/infeas_rec":0,"inference/mu_traj_nonconv_step17":0.20495746285995664,"inference/mu_traj_nonconv_step6":0.0021881876039333294,"inference/bin_moderate/infeas_rec":0,"inference/bin_moderate/state_mse":2.9643200729930333e-12,"inference/spearman_residual_vs_error":0.08241753103184613,"inference/bin_easy/count":1109,"inference/mu_traj_nonconv_step4":0.0010131250481208553,"inference/reject_residual_mse@cov80":2.0661258689694335e-13,"inference/infeasibility_f1":0.44969378827646544,"inference/mu_traj_nonconv_step11":0.008964860777370518,"inference/mu_traj_nonconv_step19":0.7366191756125318,"inference/reject_mu_mse@cov95":3.046406039684728e-13,"_step":0,"inference/total_samples":2000,"inference/reject_residual_mse@cov50":1.5889364250631216e-13,"inference/mu_traj_nonconv_step9":0.004686643777291124,"inference/reject_mu_mse@cov90":2.8852053749928477e-13,"inference/bin_easy/conv_rate":0,"inference/convergence_rate":0,"inference/reject_mu_auroc_hard_detect":0.5984027600306671,"inference/bin_infeasible/count":881,"inference/max_vm_error_mean":3.1384322342859836e-07,"inference/mu_final_bin_easy":0.616584790332192,"inference/mu_traj_nonconv_step0":0.0010000000474974513,"inference/mu_traj_nonconv_step3":0.0006678125317193917,"inference/mu_traj_nonconv_step15":0.06135617478926179,"inference/mean_iters":20,"inference/mu_traj_nonconv_step1":0.0005097500242118258,"inference/bin_moderate/conv_rate":0,"inference/state_mse":3.223728060564575e-13,"inference/reject_mu_mse@cov50":1.4116526090249364e-13,"inference/reject_residual_auroc_hard_detect":0.5508912599028878,"_runtime":6,"inference/mu_traj_nonconv_step2":0.0004956250235409243,"inference/per_sample_time_s":0.0021632046699523928,"inference/bin_easy/mean_residual":1.0804572598854632e-06,"inference/infeasibility_auroc":0.8808639138845187,"inference/mu_traj_nonconv_step10":0.006510653141270666,"inference/reject_residual_mse@cov100":3.223728060564575e-13,"inference/bin_easy/infeas_f1":0,"inference/mu_traj_nonconv_step12":0.013798738936654899,"inference/mu_traj_nonconv_step13":0.02043121581418063,"inference/bin_moderate/infeas_f1":0,"_wandb":{"runtime":6},"inference/reject_mu_mse@cov80":2.2475660027950975e-13,"inference/bin_moderate/count":10,"inference/bin_easy/max_vm_error":3.057089445287844e-07,"inference/mu_traj_nonconv_step5":0.0015078594466194771,"inference/bin_infeasible/infeas_rec":0.2917139614074915,"inference/infeasibility_precision":0.9809160305343512,"_timestamp":1.7756168136458669e+09,"inference/spearman_mu_vs_error":0.011286423066303342,"inference/total_time_s":4.326409339904785,"inference/reject_residual_mse@cov70":1.6400277167306715e-13,"inference/bin_easy/state_mse":2.985500173554965e-13,"inference/reject_mu_mse@cov70":2.2684211017346406e-13,"inference/reject_residual_mse@cov95":3.014329111224406e-13,"inference/bin_easy/infeas_prec":0,"inference/bin_moderate/mean_residual":1.0177493095397949e-06,"inference/bin_infeasible/infeas_prec":1,"inference/bin_moderate/max_vm_error":1.2159347534179687e-06,"inference/bin_infeasible/conv_rate":0,"inference/infeasibility_recall":0.2917139614074915,"inference/mu_growth_rate_nonconv":128,"inference/mu_traj_nonconv_step8":0.003633502125707082,"inference/mu_traj_nonconv_step7":0.0032567774984386235,"inference/feasibility_ece":0.30162816862701947,"inference/max_vm_error_worst":5.424022674560547e-06,"inference/reject_mu_mse@cov100":3.223728060564575e-13}