{"inference/mu_final_bin_moderate":6.740196398573508e-05,"inference/mu_traj_nonconv_step1":0.00050831046370389,"inference/mu_traj_nonconv_step4":0.0012394102580446497,"inference/bin_infeasible/conv_rate":0,"inference/bin_infeasible/infeas_f1":1,"inference/feasibility_ece":6.237433418861755e-06,"inference/bin_easy/infeas_prec":0,"inference/bin_infeasible/infeas_prec":1,"inference/bin_easy/state_mse":1.2380445325439458e-12,"inference/bin_easy/infeas_rec":0,"inference/mu_final_bin_easy":0.0001567352200138392,"inference/bin_moderate/mean_residual":1.240834445210198e-05,"inference/reject_residual_mse@cov95":1.3331454942286446e-12,"inference/per_sample_time_s":0.001504470544420319,"inference/mu_traj_nonconv_step0":0.0010000000474974513,"inference/bin_easy/conv_rate":0,"_step":0,"inference/reject_residual_mse@cov80":8.569850534474299e-13,"inference/reject_mu_mse@cov70":1.5977278575152987e-08,"inference/bin_moderate/infeas_prec":0,"inference/mean_iters":5,"inference/convergence_rate":0,"inference/spearman_mu_vs_error":0.22349385442141811,"inference/mu_growth_rate_nonconv":0.25,"inference/reject_residual_auroc_hard_detect":0.791553410607143,"inference/bin_easy/mean_residual":2.645275658962785e-06,"inference/total_samples":43680,"inference/bin_easy/infeas_f1":0,"inference/infeasibility_f1":1,"inference/bin_infeasible/count":21734,"inference/reject_residual_mse@cov50":2.8547696736463436e-13,"inference/max_vm_error_p95":1.6689300537109375e-06,"inference/bin_infeasible/infeas_rec":1,"inference/mu_traj_nonconv_step3":0.0007357486613198109,"inference/bin_moderate/conv_rate":0,"inference/mu_final_bin_infeasible":0.0023339037871220754,"inference/reject_residual_mse@cov70":6.509815159484812e-13,"inference/reject_mu_mse@cov50":2.236736240621355e-08,"inference/state_mse":1.11850237385541e-08,"inference/feasible_conv_rate":0,"inference/spearman_residual_vs_error":0.5574584607097519,"inference/bin_moderate/infeas_f1":0,"inference/bin_easy/count":21640,"_runtime":118,"inference/bin_infeasible/mean_residual":0.6069171588235079,"inference/reject_mu_mse@cov90":1.2427472811795367e-08,"_wandb":{"runtime":118},"inference/mu_traj_nonconv_step2":0.000492307715691053,"inference/reject_mu_mse@cov95":1.177372597040005e-08,"inference/infeasibility_auroc":1,"inference/bin_moderate/state_mse":8.020906525575951e-07,"_timestamp":1.775615768479037e+09,"inference/reject_residual_mse@cov100":1.11850237385541e-08,"inference/infeasibility_precision":1,"inference/total_time_s":65.71527338027954,"inference/bin_moderate/infeas_rec":0,"inference/reject_residual_mse@cov90":1.1529517197554334e-12,"inference/bin_easy/max_vm_error":5.842770093470096e-07,"inference/max_vm_error_mean":7.569534585435291e-06,"inference/bin_moderate/max_vm_error":0.0005015596455218745,"inference/max_vm_error_worst":0.015297114849090576,"inference/bin_moderate/count":306,"inference/reject_mu_mse@cov100":1.11850237385541e-08,"inference/infeasibility_recall":1,"inference/reject_mu_mse@cov80":1.3980954338866289e-08,"inference/reject_mu_auroc_hard_detect":0.7476334898193273}