{"inference/reject_residual_mse@cov90":0.029896528699968304,"inference/reject_mu_mse@cov90":0.029357914668608723,"inference/mu_traj_nonconv_step13":0.20443231944474452,"inference/infeasibility_auroc":1,"inference/mu_traj_nonconv_step14":0.2696874099292097,"inference/mu_traj_nonconv_step9":0.0337701433877172,"inference/bin_moderate/mean_residual":0.07733164941444128,"inference/reject_mu_auroc_hard_detect":0.5226207789451721,"inference/max_vm_error_p95":0.4155554175376892,"inference/mu_traj_nonconv_step8":0.019341090826522456,"inference/bin_easy/max_vm_error":0.3144199251642509,"inference/reject_residual_mse@cov95":0.029242276133457666,"inference/per_sample_time_s":0.0031749986855097224,"inference/infeasibility_recall":0.011020307082714216,"inference/bin_easy/infeas_f1":0,"inference/bin_moderate/state_mse":0.022408937448272746,"inference/reject_mu_mse@cov70":0.02954980631961062,"inference/mu_traj_nonconv_step12":0.14616415352069845,"inference/reject_residual_mse@cov50":0.0348449623642079,"inference/mu_traj_nonconv_step7":0.011177820188025581,"inference/mu_final_bin_moderate":2.737238935982016,"inference/bin_infeasible/mean_residual":0.6513703567441322,"_step":0,"_runtime":67,"inference/bin_easy/infeas_prec":0,"inference/bin_easy/mean_residual":0.05802776622752287,"inference/mu_traj_nonconv_step2":0.0007832674089024188,"inference/mean_iters":20,"inference/bin_moderate/max_vm_error":0.26381465842079366,"inference/spearman_mu_vs_error":-0.09998987687061178,"inference/mu_traj_nonconv_step6":0.006784128371602697,"inference/bin_easy/conv_rate":0,"inference/bin_moderate/count":1206,"inference/mu_final_bin_easy":2.562345148833895,"inference/bin_infeasible/conv_rate":0,"inference/feasible_conv_rate":0,"inference/reject_mu_mse@cov50":0.029963847765109464,"inference/mu_traj_nonconv_step18":1.4665845139618237,"inference/mu_traj_nonconv_step17":0.9081426528442519,"inference/spearman_residual_vs_error":-0.46009538028516395,"inference/infeasibility_precision":0.3991031390134529,"inference/bin_infeasible/infeas_f1":0.021800367421922845,"_timestamp":1.7755608779893124e+09,"inference/mu_traj_nonconv_step11":0.09551142983626583,"inference/mu_traj_nonconv_step10":0.05826893983069776,"inference/mu_traj_nonconv_step16":0.564754542420128,"inference/infeasibility_f1":0.02144836727316544,"inference/reject_residual_auroc_hard_detect":0.269096972988043,"inference/convergence_rate":0,"inference/mu_traj_nonconv_step0":0.0010000000474974513,"inference/feasibility_ece":1.3179600563174016e-08,"inference/state_mse":0.029287934862210516,"inference/bin_easy/state_mse":0.030641069894213283,"inference/max_vm_error_worst":0.559999942779541,"inference/bin_moderate/conv_rate":0,"inference/reject_mu_mse@cov100":0.029287934862210516,"inference/reject_residual_mse@cov80":0.03117338063147425,"inference/mu_traj_nonconv_step15":0.3669162728134752,"inference/mu_final_bin_infeasible":2.310280941827548,"inference/mu_traj_nonconv_step4":0.00243607274919845,"inference/reject_residual_mse@cov100":0.029287934862210516,"inference/bin_easy/count":6131,"inference/mu_traj_nonconv_step3":0.0013968809461250933,"inference/total_samples":15413,"inference/reject_residual_mse@cov70":0.03258983110691609,"inference/bin_moderate/infeas_prec":0,"inference/mu_traj_nonconv_step1":0.0005110945548667471,"inference/bin_moderate/infeas_f1":0,"inference/bin_infeasible/infeas_prec":1,"inference/mu_traj_nonconv_step19":2.44395491795849,"inference/mu_traj_nonconv_step5":0.004104305408075809,"inference/max_vm_error_mean":0.3061018180778928,"inference/reject_mu_mse@cov95":0.029317658241748694,"inference/bin_moderate/infeas_rec":0,"_wandb":{"runtime":67},"inference/bin_infeasible/infeas_rec":0.011020307082714216,"inference/bin_easy/infeas_rec":0,"inference/total_time_s":48.93625473976135,"inference/bin_infeasible/count":8076,"inference/mu_growth_rate_nonconv":512,"inference/reject_mu_mse@cov80":0.029340570762207294}