{"baseline/bin_infeasible/conv_rate":0,"baseline/state_mse":2.4554439131795267e-11,"baseline/total_time_s":55.90040159225464,"_wandb":{"runtime":162},"baseline/bin_infeasible/count":21734,"baseline/bin_moderate/conv_rate":0,"baseline/bin_infeasible/mean_residual":0.1589059934494488,"baseline/bin_easy/conv_rate":0,"_timestamp":1.775615479021817e+09,"baseline/feasible_conv_rate":0,"baseline/mean_iters":20,"baseline/max_vm_error_p95":1.1920928955078125e-06,"baseline/bin_moderate/mean_residual":2.6496431601592916e-06,"baseline/bin_moderate/count":306,"baseline/bin_easy/max_vm_error":4.416665616625999e-07,"baseline/bin_easy/mean_residual":1.9104338249663357e-06,"baseline/max_vm_error_mean":5.612114357294298e-07,"baseline/bin_moderate/state_mse":1.7494023028711533e-09,"baseline/max_vm_error_worst":0.001229703426361084,"baseline/total_samples":43680,"_runtime":162,"baseline/bin_moderate/max_vm_error":9.01529991548825e-06,"baseline/per_sample_time_s":0.0012797710987237784,"_step":0,"baseline/bin_easy/state_mse":1.6426139130342252e-13,"baseline/bin_easy/count":21640,"baseline/convergence_rate":0}