{"inference/bin_easy/infeas_f1":0,"inference/bin_easy/state_mse":0.02506395876004746,"inference/bin_moderate/conv_rate":0,"inference/mu_traj_nonconv_step6":0.0055772012865374495,"inference/reject_residual_mse@cov80":0.02565903719336141,"inference/mu_traj_nonconv_step1":0.0005105769473280256,"inference/max_vm_error_worst":0.559999942779541,"inference/bin_moderate/mean_residual":0.055107160230545335,"inference/reject_residual_mse@cov50":0.02049597504896863,"inference/bin_easy/infeas_prec":0,"inference/reject_residual_auroc_hard_detect":0.6534532633969319,"inference/bin_easy/infeas_rec":0,"inference/bin_moderate/infeas_prec":0,"inference/mu_traj_nonconv_step12":0.09795133137899549,"inference/mu_traj_nonconv_step0":0.0010000000474974513,"inference/bin_easy/mean_residual":0.02498350478101695,"inference/per_sample_time_s":0.003127726661416637,"inference/reject_mu_mse@cov50":0.022982253917537283,"inference/convergence_rate":0,"inference/bin_infeasible/mean_residual":0.48501531246528845,"inference/mu_traj_nonconv_step17":0.6347461805072551,"inference/bin_moderate/state_mse":0.02594982431944086,"inference/bin_moderate/max_vm_error":0.27741780381484754,"inference/reject_residual_mse@cov70":0.02515194953931355,"inference/bin_infeasible/conv_rate":0,"inference/mu_final_bin_moderate":2.6234364632562763,"inference/reject_residual_mse@cov100":0.025194299591692466,"inference/mu_traj_nonconv_step13":0.13433891669529482,"inference/infeasibility_f1":0.9948504337079167,"inference/mu_traj_nonconv_step2":0.0006811126697137517,"inference/mu_traj_nonconv_step14":0.18118072832078275,"_step":0,"_timestamp":1.7755600930139287e+09,"inference/spearman_mu_vs_error":0.12158623368958754,"inference/mu_traj_nonconv_step3":0.001151940301966973,"inference/mu_traj_nonconv_step9":0.025732252198778838,"inference/spearman_residual_vs_error":0.3425399262209031,"inference/reject_mu_mse@cov95":0.025077542379350427,"inference/mu_traj_nonconv_step18":1.0204089751602472,"inference/total_samples":43680,"inference/bin_infeasible/infeas_f1":1,"inference/bin_moderate/count":3229,"inference/bin_easy/conv_rate":0,"inference/bin_infeasible/infeas_rec":1,"inference/reject_mu_mse@cov90":0.024914890654321946,"inference/reject_mu_mse@cov100":0.025194299591692466,"inference/bin_moderate/infeas_rec":0,"inference/mu_traj_nonconv_step15":0.2572529155472183,"inference/reject_residual_mse@cov95":0.025299571400494516,"inference/infeasibility_precision":0.9897536317682954,"inference/reject_residual_mse@cov90":0.025554989078491096,"inference/mu_traj_nonconv_step7":0.008941349261401445,"inference/state_mse":0.025194299591692466,"inference/mu_traj_nonconv_step16":0.4000242192383683,"inference/feasibility_ece":5.537404813804005e-07,"_wandb":{"runtime":189},"inference/mu_final_bin_easy":1.298592643373619,"inference/bin_infeasible/infeas_prec":1,"inference/max_vm_error_mean":0.2680568613263388,"inference/bin_easy/count":18717,"inference/total_time_s":136.6191005706787,"inference/mu_traj_nonconv_step11":0.06742333100683397,"inference/bin_infeasible/count":21734,"inference/infeasibility_auroc":1,"inference/infeasibility_recall":1,"inference/reject_mu_mse@cov70":0.023951127687320366,"inference/mu_traj_nonconv_step8":0.015056315908732064,"inference/mu_growth_rate_nonconv":512,"inference/mu_traj_nonconv_step10":0.04282290839397633,"_runtime":189,"inference/mu_final_bin_infeasible":1.9175871896357588,"inference/reject_mu_auroc_hard_detect":0.6523013925575538,"inference/feasible_conv_rate":0,"inference/mean_iters":20,"inference/max_vm_error_p95":0.3942072242498398,"inference/bin_moderate/infeas_f1":0,"inference/mu_traj_nonconv_step5":0.0034126353784376287,"inference/reject_mu_mse@cov80":0.02441166856515603,"inference/mu_traj_nonconv_step19":1.7045255225600304,"inference/bin_easy/max_vm_error":0.26644193995563864,"inference/mu_traj_nonconv_step4":0.0020083448756110386}