{"inference/mu_final_bin_moderate":0.0004503676684501389,"inference/feasible_conv_rate":0,"inference/mu_traj_nonconv_step1":0.0005108860132767714,"inference/spearman_mu_vs_error":0.059738086733186035,"inference/feasibility_ece":5.006076361136392e-06,"inference/mu_traj_nonconv_step4":0.0011175953484125983,"inference/total_time_s":77.80115389823914,"inference/reject_residual_auroc_hard_detect":0.761544406708366,"inference/bin_easy/count":21640,"inference/infeasibility_recall":1,"inference/state_mse":6.655193442570089e-11,"inference/max_vm_error_p95":1.3709068298339844e-06,"inference/total_samples":43680,"inference/reject_residual_mse@cov70":1.7609510551685063e-12,"inference/reject_mu_mse@cov90":7.374076187163034e-11,"inference/max_vm_error_worst":0.0019911527633666992,"inference/reject_residual_mse@cov50":1.5570204571873285e-13,"inference/mu_traj_nonconv_step2":0.0004799107370802501,"inference/mu_traj_nonconv_step5":0.0017299236741999287,"inference/bin_moderate/mean_residual":3.3401975444718903e-06,"inference/mu_traj_nonconv_step3":0.0006942908983616619,"inference/bin_easy/infeas_rec":0,"inference/reject_mu_auroc_hard_detect":0.6476384305730953,"inference/reject_residual_mse@cov95":6.867489003891003e-11,"inference/bin_easy/conv_rate":0,"inference/bin_infeasible/conv_rate":0,"inference/bin_infeasible/infeas_f1":1,"inference/reject_mu_mse@cov95":6.994375018140864e-11,"inference/mu_final_bin_easy":0.0028249698083932773,"_wandb":{"runtime":130},"inference/bin_easy/state_mse":4.572205810244656e-13,"inference/bin_infeasible/mean_residual":0.4138380142738332,"inference/mu_final_bin_infeasible":0.018649499601094216,"inference/bin_infeasible/infeas_prec":1,"inference/bin_moderate/conv_rate":0,"inference/convergence_rate":0,"inference/bin_moderate/infeas_f1":0,"inference/bin_easy/infeas_f1":0,"inference/reject_mu_mse@cov50":1.321658518522669e-10,"inference/max_vm_error_mean":7.336129684190985e-07,"inference/reject_mu_mse@cov80":8.276934566051262e-11,"inference/bin_moderate/max_vm_error":1.7859382567062877e-05,"inference/infeasibility_auroc":1,"inference/bin_moderate/infeas_rec":0,"inference/bin_moderate/count":306,"inference/reject_residual_mse@cov100":6.655193442570089e-11,"_timestamp":1.7756160009674077e+09,"inference/bin_moderate/state_mse":4.740700978866216e-09,"inference/mean_iters":10,"inference/bin_infeasible/count":21734,"inference/bin_easy/mean_residual":2.336256260043797e-06,"inference/mu_traj_nonconv_step0":0.0010000000474974513,"inference/bin_infeasible/infeas_rec":1,"inference/reject_mu_mse@cov100":6.655193442570089e-11,"inference/spearman_residual_vs_error":0.5113731174980785,"inference/bin_easy/max_vm_error":4.91446355795023e-07,"inference/bin_easy/infeas_prec":0,"inference/mu_traj_nonconv_step7":0.004481878003056343,"inference/infeasibility_f1":1,"_runtime":130,"_step":0,"inference/mu_growth_rate_nonconv":2,"inference/reject_residual_mse@cov80":1.9148007759063334e-12,"inference/reject_mu_mse@cov70":9.453754569407203e-11,"inference/reject_residual_mse@cov90":1.85018590502162e-12,"inference/mu_traj_nonconv_step6":0.0027897354947992756,"inference/mu_traj_nonconv_step9":0.010682197424229807,"inference/per_sample_time_s":0.0017811619482197604,"inference/mu_traj_nonconv_step8":0.007016862670164946,"inference/bin_moderate/infeas_prec":0,"inference/infeasibility_precision":1}