{"inference/bin_moderate/infeas_f1":0,"inference/bin_easy/max_vm_error":0.015394762351200013,"inference/convergence_rate":0,"inference/per_sample_time_s":0.0011837209100688333,"inference/reject_mu_auroc_hard_detect":1,"_step":0,"inference/bin_infeasible/infeas_prec":1,"inference/reject_residual_mse@cov70":6.949987983526545e-05,"inference/feasible_conv_rate":0,"inference/spearman_mu_vs_error":0.00628484087316028,"inference/bin_easy/infeas_f1":0,"_wandb":{"runtime":104},"inference/bin_moderate/count":306,"inference/reject_mu_mse@cov90":0.00012381749502142337,"inference/max_vm_error_mean":0.01587785405761985,"inference/reject_mu_mse@cov100":0.00012421244265845339,"inference/bin_easy/infeas_prec":0,"inference/reject_mu_mse@cov80":0.00011940295402439396,"inference/bin_moderate/infeas_prec":0,"inference/mean_iters":0,"inference/bin_easy/infeas_rec":0,"inference/bin_easy/state_mse":0.00011142436599783265,"inference/bin_infeasible/mean_residual":2.1767033386471257,"inference/reject_residual_mse@cov90":8.697018099094578e-05,"inference/bin_infeasible/conv_rate":0,"_runtime":104,"inference/state_mse":0.00012421244265845339,"inference/bin_easy/mean_residual":0.3835641593298773,"inference/bin_moderate/mean_residual":0.9176521514073696,"_timestamp":1.7756157541551085e+09,"inference/bin_moderate/state_mse":0.0010285718509454884,"inference/infeasibility_recall":1,"inference/bin_infeasible/infeas_f1":1,"inference/feasibility_ece":0.002426739926739918,"inference/reject_residual_auroc_hard_detect":0.6895478324969695,"inference/bin_moderate/max_vm_error":0.05004159434168946,"inference/max_vm_error_p95":0.03307603299617767,"inference/bin_moderate/infeas_rec":0,"inference/max_vm_error_worst":0.24250590801239014,"inference/infeasibility_auroc":1,"inference/reject_residual_mse@cov50":5.9393635498082555e-05,"inference/infeasibility_precision":0.4975732600732601,"inference/total_samples":43680,"inference/infeasibility_f1":0.6645060690372092,"inference/bin_infeasible/count":21734,"inference/reject_mu_mse@cov50":0.0001202737535504817,"inference/bin_moderate/conv_rate":0,"inference/bin_infeasible/infeas_rec":1,"inference/reject_mu_mse@cov70":0.00011975468744375382,"inference/spearman_residual_vs_error":0.423099818047069,"inference/reject_residual_mse@cov95":9.895913836805039e-05,"inference/bin_easy/count":21640,"inference/reject_residual_mse@cov100":0.00012421244265845339,"inference/reject_residual_mse@cov80":7.608735812942575e-05,"inference/bin_easy/conv_rate":0,"inference/reject_mu_mse@cov95":0.0001241653540046059,"inference/total_time_s":51.70492935180664}