{"inference/max_vm_error_worst":0.0011281371116638184,"inference/mu_final_bin_moderate":0.13593561692171133,"inference/mu_traj_nonconv_step11":0.023432503115220583,"inference/bin_infeasible/count":5601,"inference/mu_traj_nonconv_step1":0.0005116054401606883,"inference/reject_mu_mse@cov100":7.404183035750478e-11,"inference/bin_infeasible/mean_residual":0.1572460226356781,"inference/spearman_mu_vs_error":-0.03731306183250105,"inference/infeasibility_auroc":1,"inference/bin_moderate/count":215,"inference/bin_moderate/infeas_f1":0,"inference/bin_easy/infeas_f1":0,"_wandb":{"runtime":46},"inference/reject_residual_mse@cov50":1.1592243017272857e-10,"inference/mu_traj_nonconv_step6":0.002786091766761652,"inference/mu_traj_nonconv_step2":0.0004600000218488276,"inference/bin_infeasible/conv_rate":0,"inference/mu_traj_nonconv_step8":0.007000514416162283,"inference/reject_mu_mse@cov70":1.0532976004930497e-10,"inference/mu_final_bin_infeasible":0.8616116002441174,"inference/bin_easy/max_vm_error":5.2225541122722e-07,"inference/convergence_rate":0,"inference/bin_infeasible/infeas_rec":1,"inference/mu_traj_nonconv_step10":0.016170404313144832,"inference/bin_moderate/max_vm_error":1.3764514479526253e-05,"inference/per_sample_time_s":0.002391131639019433,"inference/reject_residual_mse@cov90":7.92804130344119e-11,"inference/bin_moderate/state_mse":2.507169159595438e-09,"inference/mu_traj_nonconv_step12":0.032336854775763375,"inference/mu_traj_nonconv_step16":0.18557759827287645,"inference/bin_moderate/mean_residual":2.5630170522734175e-06,"inference/bin_infeasible/infeas_prec":1,"inference/bin_moderate/conv_rate":0,"inference/mu_traj_nonconv_step3":0.000639236007151248,"inference/mu_traj_nonconv_step15":0.11642238736003721,"inference/reject_mu_auroc_hard_detect":0.5793699204876511,"inference/bin_moderate/infeas_prec":0,"inference/spearman_residual_vs_error":0.5016617443444642,"inference/reject_residual_mse@cov80":7.290551892452782e-11,"inference/max_vm_error_p95":1.430511474609375e-06,"inference/mu_traj_nonconv_step18":0.5298670403994411,"_timestamp":1.7756161721105936e+09,"inference/mu_final_bin_easy":1.0890218594694654,"inference/max_vm_error_mean":9.109891222709518e-07,"inference/state_mse":7.404183035750478e-11,"inference/mean_iters":20,"inference/mu_traj_nonconv_step14":0.07448925674162801,"inference/bin_easy/infeas_rec":0,"inference/reject_residual_mse@cov100":7.404183035750478e-11,"inference/reject_mu_mse@cov95":7.785574577151235e-11,"inference/bin_moderate/infeas_rec":0,"inference/infeasibility_f1":1,"inference/bin_easy/count":7109,"inference/mu_traj_nonconv_step9":0.010638416094030701,"inference/bin_infeasible/infeas_f1":1,"inference/bin_easy/mean_residual":1.822572999792756e-06,"inference/infeasibility_precision":1,"inference/bin_easy/infeas_prec":0,"inference/mu_traj_nonconv_step19":0.9746204355569749,"inference/mu_traj_nonconv_step7":0.0044849518571243524,"inference/infeasibility_recall":1,"inference/reject_residual_mse@cov95":7.787749820715513e-11,"_runtime":46,"inference/reject_mu_mse@cov50":1.4729223150914755e-10,"inference/bin_easy/state_mse":4.559004396322752e-13,"inference/mu_traj_nonconv_step0":0.0010000000474974513,"inference/feasible_conv_rate":0,"inference/reject_residual_auroc_hard_detect":0.7603148011326266,"inference/mu_traj_nonconv_step4":0.0010460735506529432,"inference/total_samples":12925,"inference/reject_mu_mse@cov90":8.211439306155575e-11,"inference/mu_traj_nonconv_step5":0.001704605980384165,"inference/mu_growth_rate_nonconv":128,"inference/feasibility_ece":7.299636442961199e-06,"inference/mu_traj_nonconv_step17":0.29894052556254874,"_step":0,"inference/mu_traj_nonconv_step13":0.04830723225699448,"inference/total_time_s":30.905376434326172,"inference/reject_mu_mse@cov80":9.223030578552501e-11,"inference/reject_residual_mse@cov70":8.31394160337938e-11,"inference/bin_easy/conv_rate":0}