{"baseline/per_sample_time_s":0.00199680351294004,"baseline/bin_infeasible/count":21734,"_runtime":189,"baseline/bin_moderate/count":3229,"baseline/max_vm_error_mean":0.2652297393458485,"baseline/bin_moderate/state_mse":0.02387743443222715,"baseline/bin_moderate/mean_residual":0.05289381260000984,"_wandb":{"runtime":189},"baseline/bin_infeasible/conv_rate":0,"baseline/max_vm_error_p95":0.39401087164878845,"baseline/bin_infeasible/mean_residual":0.4155301555204087,"baseline/bin_easy/conv_rate":0,"baseline/total_samples":43680,"baseline/bin_easy/state_mse":0.024603831162569586,"_step":0,"_timestamp":1.7755594283702655e+09,"baseline/bin_moderate/conv_rate":0,"baseline/mean_iters":20,"baseline/bin_moderate/max_vm_error":0.26886400204762173,"baseline/max_vm_error_worst":0.5141956806182861,"baseline/feasible_conv_rate":0,"baseline/total_time_s":87.22037744522095,"baseline/convergence_rate":0,"baseline/bin_easy/max_vm_error":0.26460276738110916,"baseline/state_mse":0.02449695359753378,"baseline/bin_easy/count":18717,"baseline/bin_easy/mean_residual":0.02378791214634212}