{"inference/spearman_mu_vs_error":-0.047585277220460576,"inference/mu_traj_nonconv_step0":0.0010000000474974513,"inference/mu_traj_nonconv_step9":0.010668073754259518,"inference/max_vm_error_worst":0.001417398452758789,"inference/mu_final_bin_moderate":0.22725521912737653,"_runtime":158,"inference/infeasibility_recall":1,"inference/reject_mu_mse@cov90":3.6102037881071096e-11,"inference/mu_traj_nonconv_step1":0.0005108860132767714,"inference/reject_mu_mse@cov80":4.055110396406357e-11,"_wandb":{"runtime":158},"inference/bin_easy/max_vm_error":4.5499772990256713e-07,"inference/mu_traj_nonconv_step19":0.9661494341966391,"inference/bin_moderate/infeas_f1":0,"inference/mu_growth_rate_nonconv":128,"inference/reject_residual_mse@cov80":3.9585177084088774e-11,"inference/bin_easy/state_mse":3.0264333975248063e-13,"inference/mu_final_bin_easy":1.1918140757855775,"inference/feasibility_ece":5.006078054244108e-06,"inference/mu_traj_nonconv_step3":0.0006943509945183626,"inference/mu_traj_nonconv_step13":0.048464948763733307,"inference/mu_traj_nonconv_step6":0.002787918659204739,"inference/total_samples":43680,"inference/reject_residual_mse@cov95":3.4239838035955214e-11,"inference/mu_traj_nonconv_step4":0.0011173678415336607,"inference/reject_residual_mse@cov70":4.389092898598318e-11,"inference/mean_iters":20,"inference/mu_traj_nonconv_step14":0.06909874466666704,"inference/reject_mu_auroc_hard_detect":0.5733837848879692,"inference/mu_traj_nonconv_step10":0.0162928263260011,"inference/mu_traj_nonconv_step8":0.007009417722180835,"inference/per_sample_time_s":0.002407594232550471,"inference/mu_final_bin_infeasible":0.7518639269649543,"inference/spearman_residual_vs_error":0.5187826846380112,"inference/bin_easy/infeas_rec":0,"inference/bin_moderate/count":306,"inference/mu_traj_nonconv_step7":0.004477335914070002,"inference/infeasibility_auroc":1,"inference/infeasibility_f1":1,"inference/bin_moderate/state_mse":2.3156113860311397e-09,"inference/bin_infeasible/conv_rate":0,"inference/bin_moderate/infeas_prec":0,"inference/state_mse":3.2585723411909805e-11,"inference/bin_easy/count":21640,"inference/reject_residual_mse@cov90":3.535586015589125e-11,"inference/mu_traj_nonconv_step12":0.03406769462001196,"inference/bin_easy/conv_rate":0,"inference/bin_moderate/mean_residual":2.642769474132246e-06,"_timestamp":1.775616433313275e+09,"inference/bin_infeasible/mean_residual":0.16514913940904544,"inference/mu_traj_nonconv_step18":0.5330212561615009,"inference/bin_infeasible/count":21734,"inference/reject_mu_mse@cov70":4.626920923463192e-11,"inference/mu_traj_nonconv_step16":0.1809910831775514,"inference/bin_infeasible/infeas_rec":1,"_step":0,"inference/mu_traj_nonconv_step11":0.024686338352204133,"inference/max_vm_error_mean":5.956797920059486e-07,"inference/convergence_rate":0,"inference/max_vm_error_p95":1.2516975402832031e-06,"inference/mu_traj_nonconv_step17":0.29991309360959006,"inference/bin_moderate/infeas_rec":0,"inference/bin_infeasible/infeas_f1":1,"inference/reject_residual_mse@cov100":3.2585723411909805e-11,"inference/reject_mu_mse@cov100":3.2585723411909805e-11,"inference/mu_traj_nonconv_step2":0.0004799107370802501,"inference/infeasibility_precision":1,"inference/mu_traj_nonconv_step5":0.0017288956006620867,"inference/bin_easy/infeas_prec":0,"inference/bin_moderate/conv_rate":0,"inference/bin_infeasible/infeas_prec":1,"inference/reject_residual_mse@cov50":6.110554813565882e-11,"inference/bin_easy/mean_residual":1.8501959841743972e-06,"inference/reject_mu_mse@cov50":6.460403490525498e-11,"inference/reject_mu_mse@cov95":3.42288936333604e-11,"inference/reject_residual_auroc_hard_detect":0.7714396676285425,"inference/feasible_conv_rate":0,"inference/mu_traj_nonconv_step15":0.10878985545672165,"inference/bin_easy/infeas_f1":0,"inference/bin_moderate/max_vm_error":1.0544568105460772e-05,"inference/total_time_s":105.16371607780457}