{"inference/mu_traj_nonconv_step13":0.020362368154660544,"inference/reject_residual_mse@cov80":1.9297770579885385e-13,"inference/infeasibility_precision":0.9809160305343512,"inference/reject_residual_mse@cov50":1.0969437433371249e-13,"inference/max_vm_error_p95":7.748603820800781e-07,"inference/mu_traj_nonconv_step3":0.0006678125317193917,"inference/reject_residual_mse@cov70":1.453207279611141e-13,"inference/mu_growth_rate_nonconv":128,"inference/mu_traj_nonconv_step12":0.01377889323258728,"inference/bin_easy/mean_residual":1.086599389860916e-06,"inference/mu_traj_nonconv_step18":0.38922664348727265,"inference/mu_final_bin_easy":0.602793987152367,"inference/mu_traj_nonconv_step15":0.06130667478691066,"inference/bin_infeasible/infeas_prec":1,"inference/reject_mu_mse@cov70":2.3939618706747324e-13,"inference/mu_final_bin_moderate":0.011000000522471964,"inference/feasibility_ece":0.3016281688753625,"inference/bin_easy/conv_rate":0,"inference/total_time_s":4.243770360946655,"inference/mu_traj_nonconv_step10":0.006508140934120093,"inference/mu_traj_nonconv_step11":0.008941320737189926,"inference/mu_traj_nonconv_step4":0.0010130312981164024,"inference/bin_infeasible/infeas_rec":0.2917139614074915,"inference/feasible_conv_rate":0,"inference/mu_traj_nonconv_step0":0.0010000000474974513,"inference/mu_traj_nonconv_step8":0.003634052906983243,"inference/total_samples":2000,"inference/bin_infeasible/count":881,"inference/reject_residual_mse@cov90":2.017945246882282e-13,"inference/reject_mu_mse@cov95":3.018716692964672e-13,"inference/reject_mu_mse@cov100":3.0084694796912047e-13,"inference/infeasibility_auroc":0.8808639138845187,"inference/mu_final_bin_infeasible":0.8959923808093389,"inference/bin_infeasible/infeas_f1":0.45166959578207383,"inference/bin_moderate/mean_residual":1.0535120964050293e-06,"inference/mu_traj_nonconv_step2":0.0004956250235409243,"inference/infeasibility_f1":0.44969378827646544,"inference/mu_traj_nonconv_step6":0.0021872032288865737,"inference/mu_traj_nonconv_step16":0.11237472408751273,"inference/bin_infeasible/mean_residual":0.10370052191899258,"inference/mu_traj_nonconv_step1":0.0005097500242118258,"inference/reject_residual_mse@cov95":2.9701034454699206e-13,"inference/bin_moderate/infeas_f1":0,"inference/bin_easy/count":1109,"inference/reject_residual_auroc_hard_detect":0.5546990799897776,"inference/mu_traj_nonconv_step17":0.20496725973542199,"inference/mu_traj_nonconv_step14":0.034417493822243156,"inference/bin_easy/infeas_prec":0,"inference/per_sample_time_s":0.0021218851804733277,"inference/bin_moderate/infeas_rec":0,"inference/bin_moderate/count":10,"_wandb":{"runtime":6},"_runtime":6,"inference/mu_traj_nonconv_step9":0.004686008035073428,"inference/mu_traj_nonconv_step19":0.7289889096251136,"inference/bin_easy/infeas_f1":0,"inference/spearman_mu_vs_error":0.013498287827267141,"inference/reject_mu_mse@cov90":2.8347947039731087e-13,"_timestamp":1.7756165148727114e+09,"inference/bin_infeasible/conv_rate":0,"inference/bin_easy/max_vm_error":3.0957867800383226e-07,"inference/reject_residual_mse@cov100":3.0084694796912047e-13,"inference/bin_moderate/state_mse":2.4292718618968453e-12,"inference/reject_mu_mse@cov50":1.2892422385817265e-13,"_step":0,"inference/reject_mu_mse@cov80":2.4692889530721886e-13,"inference/bin_moderate/infeas_prec":0,"inference/mean_iters":20,"inference/mu_traj_nonconv_step5":0.00150795319662393,"inference/bin_easy/infeas_rec":0,"inference/spearman_residual_vs_error":0.09531920476804823,"inference/bin_easy/state_mse":2.8165465839357745e-13,"inference/bin_moderate/conv_rate":0,"inference/max_vm_error_mean":3.1639999103290466e-07,"inference/infeasibility_recall":0.2917139614074915,"inference/convergence_rate":0,"inference/state_mse":3.0084694796912047e-13,"inference/reject_mu_auroc_hard_detect":0.5964317659085101,"inference/mu_traj_nonconv_step7":0.00325678921718918,"inference/max_vm_error_worst":5.424022674560547e-06,"inference/bin_moderate/max_vm_error":1.0728836059570312e-06}