{"inference/bin_easy/max_vm_error":3.150608004268168e-07,"inference/infeasibility_recall":0.0022701475595913734,"inference/bin_infeasible/mean_residual":0.10370079399626723,"inference/bin_easy/infeas_f1":0,"inference/bin_moderate/count":10,"inference/bin_easy/infeas_prec":0,"inference/reject_residual_mse@cov80":2.1536454407493782e-13,"inference/reject_mu_mse@cov70":2.291670838090492e-13,"inference/bin_moderate/infeas_prec":0,"inference/mu_traj_nonconv_step1":0.0005097500242118258,"_timestamp":1.7756166603336143e+09,"inference/bin_infeasible/infeas_prec":1,"inference/bin_infeasible/infeas_rec":0.0022701475595913734,"inference/mu_traj_nonconv_step3":0.0006678125317193917,"inference/mu_traj_nonconv_step17":0.20496290036021492,"inference/bin_easy/mean_residual":1.0766733654060803e-06,"_step":0,"inference/bin_moderate/infeas_f1":0,"inference/mu_traj_nonconv_step6":0.0021852344787930632,"inference/max_vm_error_mean":3.2151352624151726e-07,"inference/mu_traj_nonconv_step14":0.03436433756971837,"inference/spearman_residual_vs_error":0.09257623416548533,"inference/reject_residual_mse@cov95":3.3187993457918144e-13,"inference/mu_traj_nonconv_step13":0.020279247056962504,"inference/bin_infeasible/infeas_f1":0.004530011325028312,"inference/mu_traj_nonconv_step16":0.11236656783712533,"inference/total_time_s":4.2891926765441895,"inference/mu_traj_nonconv_step7":0.003254011873307263,"inference/mu_traj_nonconv_step5":0.001506687571563816,"inference/infeasibility_auroc":0.8808639138845187,"inference/mu_traj_nonconv_step10":0.0064859221830647585,"_runtime":6,"inference/mu_traj_nonconv_step8":0.0036269044691437102,"inference/feasible_conv_rate":0,"inference/infeasibility_f1":0.004530011325028312,"inference/reject_mu_mse@cov95":3.162154381255799e-13,"inference/reject_residual_mse@cov70":1.7207434033978465e-13,"inference/reject_mu_mse@cov90":2.9850683165443437e-13,"inference/mu_final_bin_infeasible":0.8959923808093389,"inference/bin_moderate/infeas_rec":0,"inference/mu_traj_nonconv_step2":0.0004956250235409243,"inference/bin_moderate/mean_residual":1.0773539543151855e-06,"inference/mu_final_bin_moderate":0.011000000522471964,"inference/mu_traj_nonconv_step11":0.008888492609680726,"inference/state_mse":3.336522338535206e-13,"inference/bin_easy/count":1109,"inference/mu_traj_nonconv_step18":0.39139442484023673,"inference/convergence_rate":0,"inference/mu_traj_nonconv_step4":0.0010128437981074968,"inference/mu_traj_nonconv_step12":0.01374144010580835,"inference/reject_mu_mse@cov100":3.336522338535206e-13,"_wandb":{"runtime":6},"inference/bin_moderate/conv_rate":0,"inference/bin_moderate/max_vm_error":1.0371208190917968e-06,"inference/per_sample_time_s":0.0021445963382720947,"inference/mu_traj_nonconv_step19":0.7342117223731839,"inference/bin_moderate/state_mse":2.364768646844612e-12,"inference/reject_residual_mse@cov90":2.310887549163406e-13,"inference/reject_residual_mse@cov50":1.5172181113048102e-13,"inference/mu_traj_nonconv_step9":0.0046717111593943626,"inference/total_samples":2000,"inference/mu_final_bin_easy":0.6122129461209337,"inference/mean_iters":20,"inference/bin_infeasible/count":881,"inference/reject_residual_mse@cov100":3.336522338535206e-13,"inference/bin_easy/state_mse":3.1533738792934486e-13,"inference/mu_traj_nonconv_step0":0.0010000000474974513,"inference/bin_easy/infeas_rec":0,"inference/mu_growth_rate_nonconv":128,"inference/spearman_mu_vs_error":0.031892916921597014,"inference/bin_easy/conv_rate":0,"inference/reject_mu_mse@cov80":2.3781057481722484e-13,"inference/reject_residual_auroc_hard_detect":0.5537602463598669,"inference/feasibility_ece":0.30162816880848187,"inference/infeasibility_precision":1,"inference/max_vm_error_p95":7.748603820800781e-07,"inference/mu_traj_nonconv_step15":0.061280049785646044,"inference/reject_mu_auroc_hard_detect":0.602300679150774,"inference/bin_infeasible/conv_rate":0,"inference/reject_mu_mse@cov50":1.1660168607588356e-13,"inference/max_vm_error_worst":5.424022674560547e-06}