{"inference/reject_mu_mse@cov100":0.03470570187160467,"inference/infeasibility_precision":1,"inference/infeasibility_recall":1,"inference/bin_easy/conv_rate":0,"_runtime":124,"inference/reject_residual_mse@cov70":0.026622497745094956,"inference/reject_mu_mse@cov80":0.027876704741897136,"inference/mu_growth_rate_nonconv":4,"inference/bin_easy/infeas_prec":0,"_timestamp":1.775559782517718e+09,"inference/bin_moderate/count":3229,"inference/infeasibility_auroc":1,"inference/bin_easy/mean_residual":0.0672172597799188,"inference/total_samples":43680,"inference/convergence_rate":0,"inference/bin_moderate/infeas_prec":0,"inference/reject_residual_mse@cov50":0.020919517021837412,"inference/feasibility_ece":2.7937914443697167e-07,"inference/reject_mu_mse@cov70":0.025339897832610866,"inference/mu_traj_nonconv_step3":0.0014121480753151894,"inference/infeasibility_f1":1,"_step":0,"inference/bin_moderate/state_mse":0.038564112629086995,"inference/bin_easy/state_mse":0.0340400605649898,"inference/mean_iters":5,"inference/state_mse":0.03470570187160467,"inference/mu_traj_nonconv_step0":0.0010000000474974513,"inference/bin_easy/count":18717,"inference/reject_residual_mse@cov80":0.028467012607153747,"inference/bin_easy/infeas_rec":0,"inference/per_sample_time_s":0.001655838886896769,"inference/bin_moderate/conv_rate":0,"inference/bin_infeasible/conv_rate":0,"inference/max_vm_error_p95":0.510745644569397,"inference/bin_moderate/mean_residual":0.145035212753948,"inference/reject_mu_mse@cov50":0.021209492958836545,"inference/bin_easy/infeas_f1":0,"inference/mu_traj_nonconv_step4":0.002560997717794705,"inference/spearman_mu_vs_error":0.4778929435350421,"inference/mu_final_bin_easy":0.0008031535883961839,"inference/feasible_conv_rate":0,"inference/bin_infeasible/mean_residual":1.5239603886212987,"_wandb":{"runtime":124},"inference/reject_residual_mse@cov100":0.03470570187160467,"inference/bin_infeasible/count":21734,"inference/reject_residual_mse@cov95":0.031464213973546214,"inference/bin_infeasible/infeas_f1":1,"inference/mu_traj_nonconv_step2":0.0008213255884614197,"inference/mu_final_bin_infeasible":0.004235362996788704,"inference/reject_mu_mse@cov95":0.03195259905104815,"inference/max_vm_error_worst":0.559999942779541,"inference/reject_mu_auroc_hard_detect":0.8137743032617388,"inference/reject_mu_mse@cov90":0.030026525485313635,"inference/bin_moderate/infeas_f1":0,"inference/mu_traj_nonconv_step1":0.0005701236534530455,"inference/bin_easy/max_vm_error":0.28925866680267037,"inference/total_time_s":72.32704257965088,"inference/bin_infeasible/infeas_rec":1,"inference/reject_residual_auroc_hard_detect":0.7635529655489603,"inference/bin_moderate/max_vm_error":0.31169171937296875,"inference/bin_moderate/infeas_rec":0,"inference/spearman_residual_vs_error":0.6029927442350985,"inference/reject_residual_mse@cov90":0.030068512584182423,"inference/max_vm_error_mean":0.2925593287342066,"inference/bin_infeasible/infeas_prec":1,"inference/mu_final_bin_moderate":0.0014804506742197674}