{"inference/mu_traj_nonconv_step2":0.0005125219214433347,"inference/bin_infeasible/mean_residual":0.19436753900567602,"inference/infeasibility_auroc":1,"inference/mean_iters":20,"inference/reject_mu_mse@cov70":1.49525325987019e-13,"inference/reject_mu_mse@cov80":1.7895974571563194e-13,"inference/mu_traj_nonconv_step6":0.0029044000357651267,"inference/per_sample_time_s":0.0024101227717188297,"inference/mu_traj_nonconv_step16":0.17849333797256073,"inference/bin_moderate/state_mse":6.040502960427989e-13,"inference/bin_easy/max_vm_error":4.064979891266722e-07,"inference/reject_residual_mse@cov70":1.6702422090012861e-13,"inference/feasibility_ece":7.773147946401518e-08,"inference/bin_moderate/infeas_f1":0,"inference/infeasibility_precision":1,"inference/infeasibility_recall":1,"inference/bin_moderate/max_vm_error":2.1457672119140625e-06,"_runtime":55,"inference/reject_mu_mse@cov90":1.9985961438601198e-13,"inference/max_vm_error_mean":4.069720982237929e-07,"inference/feasible_conv_rate":0,"inference/bin_infeasible/conv_rate":0,"inference/max_vm_error_worst":3.874301910400391e-06,"inference/reject_residual_mse@cov90":2.319464462207228e-13,"inference/bin_easy/infeas_rec":0,"inference/mu_final_bin_moderate":0.020000000949949026,"inference/spearman_residual_vs_error":0.5018465237974179,"inference/bin_moderate/count":2,"inference/bin_moderate/infeas_rec":0,"inference/reject_residual_mse@cov100":2.5661715353695285e-13,"inference/reject_mu_mse@cov95":2.0904632045127323e-13,"inference/reject_residual_auroc_hard_detect":0.7630475114527595,"inference/bin_easy/infeas_prec":0,"inference/bin_easy/conv_rate":0,"_step":0,"inference/mu_traj_nonconv_step17":0.30642972790537326,"inference/convergence_rate":0,"_timestamp":1.7756165794679873e+09,"inference/mu_traj_nonconv_step14":0.06848395070180083,"inference/mu_traj_nonconv_step15":0.1041272118895906,"inference/bin_moderate/infeas_prec":0,"inference/bin_infeasible/infeas_prec":1,"inference/bin_easy/state_mse":2.5652242057376107e-13,"inference/mu_traj_nonconv_step1":0.0005080776209662324,"inference/mu_traj_nonconv_step12":0.0387226162718473,"inference/mu_traj_nonconv_step9":0.011729148131392555,"_wandb":{"runtime":55},"inference/mu_traj_nonconv_step19":0.973914566975547,"inference/max_vm_error_p95":1.0728836059570312e-06,"inference/mu_growth_rate_nonconv":128,"inference/reject_mu_mse@cov50":1.3203359551786955e-13,"inference/mu_traj_nonconv_step8":0.007614093882541492,"inference/infeasibility_f1":1,"inference/mu_final_bin_easy":1.243511511006365,"inference/mu_traj_nonconv_step0":0.0010000000474974513,"inference/bin_infeasible/count":8076,"inference/bin_infeasible/infeas_f1":1,"inference/mu_traj_nonconv_step18":0.5417567590902682,"inference/mu_traj_nonconv_step13":0.05268787455048617,"inference/bin_infeasible/infeas_rec":1,"inference/mu_traj_nonconv_step4":0.0012574734588054813,"inference/spearman_mu_vs_error":-0.020302663534173204,"inference/reject_mu_mse@cov100":2.5661715353695285e-13,"inference/bin_moderate/mean_residual":1.9669532775878906e-06,"inference/mu_traj_nonconv_step3":0.0007769010295693436,"inference/total_time_s":37.14722228050232,"inference/reject_residual_mse@cov80":1.9947388398435606e-13,"inference/state_mse":2.5661715353695285e-13,"inference/bin_moderate/conv_rate":0,"inference/bin_easy/infeas_f1":0,"inference/mu_traj_nonconv_step10":0.017871799728564664,"inference/total_samples":15413,"inference/reject_residual_mse@cov50":8.765622375408734e-14,"inference/mu_final_bin_infeasible":0.7292902783012035,"inference/reject_residual_mse@cov95":2.4427183701237746e-13,"inference/bin_easy/count":7335,"inference/bin_easy/mean_residual":1.8297704118607392e-06,"inference/reject_mu_auroc_hard_detect":0.5877193099781154,"inference/mu_traj_nonconv_step5":0.0018154805248214937,"inference/mu_traj_nonconv_step7":0.004762174912332729,"inference/mu_traj_nonconv_step11":0.028157868909646822}