{"inference/infeasibility_auroc":1,"inference/per_sample_time_s":0.0011610036531647483,"inference/reject_mu_mse@cov90":0.0002207178052369956,"inference/reject_residual_mse@cov95":0.0002116277002576901,"inference/reject_mu_mse@cov95":0.00022101279283947913,"_runtime":103,"inference/reject_residual_mse@cov100":0.0002203772502818305,"inference/bin_moderate/state_mse":0.00037752689726435444,"inference/mean_iters":0,"inference/bin_easy/infeas_prec":0,"inference/spearman_mu_vs_error":0.0001428323718341007,"inference/reject_mu_auroc_hard_detect":1,"inference/reject_mu_mse@cov70":0.00021866627124700024,"inference/bin_infeasible/infeas_f1":1,"inference/bin_moderate/infeas_f1":0,"inference/reject_mu_mse@cov50":0.00022068184998688526,"inference/reject_mu_mse@cov80":0.00021785230289100475,"inference/reject_residual_auroc_hard_detect":0.39255227172561097,"inference/total_time_s":50.712639570236206,"inference/bin_infeasible/infeas_rec":1,"inference/bin_infeasible/mean_residual":2.255666694009689,"inference/bin_moderate/conv_rate":0,"inference/infeasibility_f1":0.6645060690372092,"_step":0,"inference/bin_moderate/max_vm_error":0.037670362564239314,"inference/bin_easy/mean_residual":0.8559094913056654,"inference/max_vm_error_worst":0.40126287937164307,"inference/bin_infeasible/conv_rate":0,"inference/reject_residual_mse@cov80":0.00021893391770878327,"inference/infeasibility_precision":0.4975732600732601,"inference/bin_infeasible/count":21734,"_wandb":{"runtime":103},"inference/convergence_rate":0,"inference/spearman_residual_vs_error":-0.2086166013489712,"inference/bin_moderate/infeas_prec":0,"inference/infeasibility_recall":1,"inference/bin_easy/state_mse":0.00019326627041825356,"inference/reject_residual_mse@cov90":0.00021226489481875643,"_timestamp":1.7755597648470483e+09,"inference/feasible_conv_rate":0,"inference/bin_easy/conv_rate":0,"inference/bin_easy/infeas_f1":0,"inference/bin_moderate/mean_residual":1.1737428656319193,"inference/bin_moderate/infeas_rec":0,"inference/bin_easy/max_vm_error":0.028250792994995735,"inference/max_vm_error_p95":0.07332789897918701,"inference/reject_residual_mse@cov70":0.00022364158141276657,"inference/feasibility_ece":0.002426739926739918,"inference/total_samples":43680,"inference/max_vm_error_mean":0.0296367307576444,"inference/bin_moderate/count":3229,"inference/reject_residual_mse@cov50":0.00023930907661932432,"inference/bin_easy/count":18717,"inference/bin_easy/infeas_rec":0,"inference/reject_mu_mse@cov100":0.0002203772502818305,"inference/state_mse":0.0002203772502818305,"inference/bin_infeasible/infeas_prec":1}