{"inference/bin_infeasible/infeas_rec":0.002116499493880556,"inference/bin_easy/state_mse":3.2278323446938256e-13,"inference/bin_infeasible/infeas_f1":0.004224058769513315,"inference/bin_easy/infeas_f1":0,"inference/reject_residual_mse@cov95":3.6602954479796874e-11,"inference/mu_traj_nonconv_step2":0.0004799107370802501,"inference/reject_mu_mse@cov80":4.334519357842157e-11,"inference/total_time_s":104.84144020080566,"inference/bin_easy/count":21640,"inference/bin_moderate/mean_residual":2.6117085047017514e-06,"inference/mu_traj_nonconv_step1":0.0005108860132767714,"inference/bin_easy/max_vm_error":4.5861146807009545e-07,"inference/max_vm_error_p95":1.2516975402832031e-06,"inference/bin_infeasible/count":21734,"inference/reject_residual_mse@cov90":3.5144750524298973e-11,"inference/mu_traj_nonconv_step15":0.10955614083817479,"inference/bin_easy/conv_rate":0,"inference/total_samples":43680,"inference/reject_residual_mse@cov50":6.107575617654112e-11,"inference/infeasibility_f1":0.004224058769513315,"inference/reject_residual_mse@cov70":4.383896446605548e-11,"inference/bin_easy/infeas_rec":0,"inference/mu_traj_nonconv_step17":0.3019420437872508,"inference/mu_traj_nonconv_step18":0.5373023007903849,"inference/bin_moderate/infeas_prec":0,"inference/mu_traj_nonconv_step3":0.0006943509945183626,"inference/bin_moderate/count":306,"inference/mu_traj_nonconv_step9":0.010677366390775756,"inference/reject_mu_mse@cov95":3.6593454325671725e-11,"inference/infeasibility_recall":0.002116499493880556,"inference/bin_easy/infeas_prec":0,"inference/mu_traj_nonconv_step5":0.0017286895566962562,"inference/bin_moderate/state_mse":2.475725638010942e-09,"inference/mu_final_bin_moderate":0.19371255515673458,"inference/spearman_residual_vs_error":0.5216927279364467,"inference/mu_traj_nonconv_step8":0.0070110062460371925,"inference/spearman_mu_vs_error":-0.04071551804431328,"_timestamp":1.7756164319771733e+09,"inference/mu_final_bin_easy":1.2092556316047647,"inference/mu_traj_nonconv_step10":0.01631361785235781,"inference/mu_growth_rate_nonconv":128,"inference/reject_mu_mse@cov50":6.914170423392281e-11,"inference/reject_residual_mse@cov80":3.9317755510593036e-11,"inference/mu_final_bin_infeasible":0.7519299267588836,"inference/feasible_conv_rate":0,"inference/reject_mu_mse@cov70":4.9462190304331916e-11,"inference/mu_traj_nonconv_step12":0.03414717344727065,"inference/per_sample_time_s":0.0024002161218133165,"inference/bin_moderate/max_vm_error":1.1246383579727872e-05,"inference/mu_traj_nonconv_step0":0.0010000000474974513,"inference/mu_traj_nonconv_step19":0.9745882082871485,"_wandb":{"runtime":157},"inference/bin_moderate/infeas_rec":0,"inference/convergence_rate":0,"inference/mu_traj_nonconv_step11":0.024739290075239895,"inference/mu_traj_nonconv_step16":0.18256342123072225,"inference/max_vm_error_worst":0.001417398452758789,"inference/bin_easy/mean_residual":1.8511938479335694e-06,"inference/mu_traj_nonconv_step14":0.06939862949801327,"inference/bin_moderate/infeas_f1":0,"inference/bin_infeasible/infeas_prec":1,"inference/max_vm_error_mean":6.090287772001091e-07,"inference/bin_moderate/conv_rate":0,"inference/reject_mu_mse@cov100":3.48381060068015e-11,"inference/bin_infeasible/conv_rate":0,"inference/reject_residual_auroc_hard_detect":0.7742375843463034,"_runtime":157,"inference/bin_infeasible/mean_residual":0.16514946232627234,"inference/reject_mu_mse@cov90":3.859025145403784e-11,"inference/mu_traj_nonconv_step13":0.04859758818338488,"inference/state_mse":3.48381060068015e-11,"inference/infeasibility_auroc":1,"inference/reject_residual_mse@cov100":3.48381060068015e-11,"inference/feasibility_ece":5.006077396840076e-06,"inference/mu_traj_nonconv_step4":0.0011171532124025871,"inference/reject_mu_auroc_hard_detect":0.5762282936861444,"inference/mu_traj_nonconv_step7":0.0044773643524298684,"inference/infeasibility_precision":1,"_step":0,"inference/mean_iters":20,"inference/mu_traj_nonconv_step6":0.0027876053006733715}