{"baseline/total_samples":43680,"_wandb":{"runtime":120},"baseline/bin_easy/max_vm_error":1.7105084250021774e-05,"baseline/bin_moderate/state_mse":4.528332662201268e-06,"baseline/mean_iters":5,"baseline/bin_easy/conv_rate":0.9991682070240295,"baseline/convergence_rate":0.5020375457875458,"baseline/bin_moderate/max_vm_error":0.0010514471655577616,"baseline/feasible_conv_rate":0.9990886721953887,"baseline/bin_infeasible/mean_residual":0.6710186715736496,"baseline/max_vm_error_mean":3.152724213210363e-05,"baseline/bin_moderate/conv_rate":0.9934640522875817,"baseline/mean_iters_converged":5,"baseline/max_vm_error_p95":1.5497207641601562e-06,"_runtime":120,"baseline/per_sample_time_s":0.00035539955009907594,"baseline/bin_easy/count":21640,"baseline/bin_moderate/mean_residual":9.405090978819561e-05,"baseline/max_vm_error_worst":0.057061851024627686,"baseline/bin_easy/mean_residual":9.92200421689611e-05,"_timestamp":1.7756184222213292e+09,"baseline/bin_infeasible/count":21734,"baseline/bin_easy/state_mse":1.0375340373991887e-05,"baseline/bin_moderate/count":306,"_step":0,"baseline/bin_infeasible/conv_rate":0.00013803257568786233,"baseline/state_mse":1.0293813701258454e-05,"baseline/total_time_s":15.523852348327637}