{"inference/reject_residual_mse@cov70":0.017977276595882913,"inference/reject_mu_mse@cov100":0.022941967966054584,"inference/bin_easy/conv_rate":0,"inference/mu_traj_nonconv_step1":0.0005103637317106663,"inference/mu_traj_nonconv_step6":0.004940983320331346,"inference/total_time_s":49.04981589317322,"inference/mu_final_bin_infeasible":1.6857094011541498,"inference/mu_traj_nonconv_step5":0.003069814625667574,"inference/mu_traj_nonconv_step8":0.01260843990151832,"inference/mu_traj_nonconv_step14":0.13629590071011746,"inference/reject_residual_mse@cov100":0.022941967966054584,"inference/reject_mu_mse@cov70":0.020970316714276176,"inference/bin_infeasible/infeas_rec":1,"inference/bin_infeasible/count":8057,"inference/convergence_rate":0,"inference/bin_moderate/mean_residual":0.04334410272173948,"inference/mu_traj_nonconv_step17":0.4861396753470673,"inference/bin_easy/infeas_rec":0,"inference/infeasibility_precision":0.9955517113554924,"inference/bin_moderate/conv_rate":0,"inference/reject_residual_mse@cov90":0.022588587008925517,"inference/spearman_mu_vs_error":0.10920977758849415,"inference/mu_traj_nonconv_step12":0.07346031082565567,"inference/reject_mu_mse@cov50":0.02050326584661662,"inference/reject_mu_mse@cov95":0.022652730413884492,"inference/mean_iters":20,"inference/reject_residual_mse@cov95":0.022946593519095403,"inference/mu_traj_nonconv_step9":0.02116367509534084,"inference/mu_final_bin_moderate":2.6608744270840483,"inference/reject_residual_auroc_hard_detect":0.8269942294905428,"inference/bin_easy/mean_residual":0.007441797901279487,"inference/bin_moderate/max_vm_error":0.2884137611289124,"inference/per_sample_time_s":0.00319709398339025,"_timestamp":1.775560265790761e+09,"inference/mu_final_bin_easy":0.6297627154144055,"inference/bin_moderate/count":715,"inference/bin_moderate/infeas_rec":0,"inference/mu_traj_nonconv_step11":0.05270303011435159,"inference/bin_easy/count":6570,"inference/max_vm_error_p95":0.3833861351013183,"inference/bin_easy/max_vm_error":0.24028606625270987,"inference/reject_residual_mse@cov80":0.020827317987367026,"inference/bin_easy/state_mse":0.02228396672475206,"inference/mu_traj_nonconv_step18":0.7685214490773586,"inference/bin_infeasible/mean_residual":0.39927613933554384,"inference/bin_easy/infeas_f1":0,"inference/bin_easy/infeas_prec":0,"inference/spearman_residual_vs_error":0.6115397519673724,"inference/mu_traj_nonconv_step19":1.2789614718248419,"_step":0,"inference/total_samples":15342,"inference/feasible_conv_rate":0,"inference/state_mse":0.022941967966054584,"inference/bin_infeasible/infeas_prec":1,"inference/infeasibility_f1":0.9977708978328174,"inference/mu_traj_nonconv_step4":0.0017947913445362387,"inference/max_vm_error_mean":0.24500964920898782,"inference/mu_traj_nonconv_step15":0.20255175826717695,"inference/mu_traj_nonconv_step2":0.0006267599046228403,"_runtime":68,"inference/reject_residual_mse@cov50":0.011974851434118056,"inference/mu_traj_nonconv_step0":0.0010000000474974513,"inference/infeasibility_recall":1,"inference/max_vm_error_worst":0.4842115044593811,"inference/bin_moderate/infeas_f1":0,"_wandb":{"runtime":68},"inference/reject_mu_auroc_hard_detect":0.6662430095827448,"inference/bin_moderate/infeas_prec":0,"inference/reject_mu_mse@cov80":0.021607100176890225,"inference/mu_traj_nonconv_step10":0.03455494368914272,"inference/mu_traj_nonconv_step16":0.3156737319807668,"inference/reject_mu_mse@cov90":0.02225313484201188,"inference/feasibility_ece":4.795462197117929e-07,"inference/bin_infeasible/conv_rate":0,"inference/mu_traj_nonconv_step13":0.09896317947195928,"inference/mu_traj_nonconv_step3":0.001024516083077231,"inference/mu_traj_nonconv_step7":0.00767036755487823,"inference/infeasibility_auroc":1,"inference/bin_infeasible/infeas_f1":1,"inference/bin_moderate/state_mse":0.028988217134386873,"inference/mu_growth_rate_nonconv":512}