{"_timestamp":1.775618463599356e+09,"baseline/bin_easy/count":21640,"baseline/max_vm_error_worst":0.001229703426361084,"baseline/bin_infeasible/conv_rate":0.004002944694948008,"baseline/bin_easy/max_vm_error":4.4189792904527705e-07,"baseline/state_mse":2.447721622695793e-11,"baseline/bin_infeasible/mean_residual":0.15890584455439147,"baseline/bin_easy/mean_residual":1.910857837175208e-06,"baseline/mean_iters_converged":20,"baseline/bin_easy/conv_rate":1,"_runtime":160,"baseline/bin_moderate/mean_residual":2.6831220762402404e-06,"baseline/mean_iters":20,"_step":0,"baseline/convergence_rate":0.5044184981684982,"baseline/per_sample_time_s":0.0012709896424751143,"baseline/bin_moderate/conv_rate":1,"baseline/max_vm_error_p95":1.1920928955078125e-06,"baseline/bin_moderate/count":306,"baseline/bin_moderate/state_mse":1.743857847979773e-09,"baseline/bin_moderate/max_vm_error":9.230344124089658e-06,"baseline/total_time_s":55.51682758331299,"baseline/feasible_conv_rate":1,"_wandb":{"runtime":160},"baseline/max_vm_error_mean":5.644380063114568e-07,"baseline/total_samples":43680,"baseline/bin_easy/state_mse":1.6434777426101094e-13,"baseline/bin_infeasible/count":21734}