{"inference/per_sample_time_s":0.0012646263717731713,"inference/bin_moderate/count":3229,"inference/bin_infeasible/count":21734,"inference/mu_traj_nonconv_step0":0.0010000000474974513,"inference/bin_infeasible/infeas_f1":1,"inference/spearman_residual_vs_error":0.7762599324251342,"inference/bin_moderate/mean_residual":0.19939194110874867,"inference/reject_residual_mse@cov95":0.01879862034026897,"inference/reject_mu_mse@cov50":0.019894552277118352,"inference/reject_mu_mse@cov90":0.02010744090088861,"inference/feasibility_ece":5.537405414973944e-07,"inference/bin_moderate/conv_rate":0,"inference/reject_residual_mse@cov70":0.0122491327941593,"inference/mu_final_bin_moderate":0.0010000000474974513,"inference/mu_final_bin_infeasible":0.0010000000474974513,"inference/reject_residual_mse@cov50":0.008758023353148701,"inference/bin_easy/conv_rate":0,"inference/bin_moderate/infeas_rec":0,"inference/reject_mu_mse@cov80":0.020089416850668684,"inference/bin_moderate/max_vm_error":0.34342094544250923,"inference/bin_easy/count":18717,"inference/reject_mu_auroc_hard_detect":1,"inference/reject_residual_mse@cov100":0.020165401524612474,"inference/convergence_rate":0,"inference/total_time_s":55.238879919052124,"inference/bin_infeasible/conv_rate":0,"inference/max_vm_error_worst":0.6609405875205994,"inference/max_vm_error_p95":0.4485257863998413,"inference/bin_moderate/infeas_f1":0,"inference/mean_iters":1,"inference/bin_moderate/state_mse":0.04188118545629748,"inference/bin_infeasible/infeas_prec":1,"inference/reject_mu_mse@cov70":0.02008259101236192,"inference/max_vm_error_mean":0.2333612215640627,"inference/reject_mu_mse@cov95":0.020119812352290573,"inference/state_mse":0.020165401524612474,"inference/total_samples":43680,"inference/reject_mu_mse@cov100":0.020165401524612474,"inference/mu_final_bin_easy":0.0010000000474974513,"_step":0,"inference/infeasibility_precision":1,"inference/bin_easy/infeas_f1":0,"inference/bin_infeasible/mean_residual":1.8448676617101851,"inference/reject_residual_auroc_hard_detect":0.8761471794487499,"inference/reject_residual_mse@cov90":0.017084110259953076,"inference/infeasibility_recall":1,"inference/feasible_conv_rate":0,"inference/reject_residual_mse@cov80":0.014366318656989516,"_runtime":108,"inference/bin_easy/mean_residual":0.12877818993659218,"_timestamp":1.775560013068613e+09,"inference/bin_easy/max_vm_error":0.21437405223118328,"inference/bin_infeasible/infeas_rec":1,"inference/bin_easy/state_mse":0.016419060427459574,"inference/infeasibility_auroc":1,"_wandb":{"runtime":108},"inference/bin_moderate/infeas_prec":0,"inference/bin_easy/infeas_rec":0,"inference/bin_easy/infeas_prec":0,"inference/spearman_mu_vs_error":0.0065659600580221245,"inference/infeasibility_f1":1}