{"inference/reject_mu_mse@cov100":0.031183440036378626,"inference/bin_easy/conv_rate":0,"inference/state_mse":0.031183440036378626,"inference/reject_residual_mse@cov80":0.028741906033917554,"inference/mu_traj_nonconv_step1":0.0005105769473280256,"inference/bin_moderate/infeas_rec":0,"inference/bin_infeasible/infeas_rec":1,"inference/bin_infeasible/conv_rate":0,"inference/bin_moderate/count":3229,"inference/total_time_s":73.43381857872009,"_wandb":{"runtime":126},"inference/reject_residual_mse@cov50":0.021016324734804578,"inference/spearman_residual_vs_error":0.5353518674380694,"inference/reject_mu_mse@cov90":0.030145594870768767,"inference/bin_infeasible/mean_residual":1.4133492254003235,"inference/feasible_conv_rate":0,"inference/bin_infeasible/count":21734,"inference/mu_growth_rate_nonconv":1,"inference/bin_easy/infeas_prec":0,"inference/mu_final_bin_moderate":0.0014787667162580865,"inference/mean_iters":5,"inference/total_samples":43680,"inference/bin_infeasible/infeas_prec":1,"inference/mu_traj_nonconv_step4":0.0020082676091238523,"inference/infeasibility_f1":1,"inference/bin_easy/count":18717,"inference/mu_final_bin_infeasible":0.003117186929138762,"inference/reject_mu_mse@cov80":0.028249850067748907,"inference/bin_moderate/state_mse":0.03220805940458383,"inference/infeasibility_recall":1,"inference/convergence_rate":0,"inference/bin_moderate/conv_rate":0,"inference/reject_mu_mse@cov95":0.03083893276644597,"inference/reject_residual_mse@cov95":0.02967605247355498,"inference/per_sample_time_s":0.0016811771652637383,"inference/max_vm_error_worst":0.559999942779541,"inference/bin_moderate/mean_residual":0.11453473914994955,"inference/bin_easy/mean_residual":0.0569789293896103,"_step":0,"_timestamp":1.7755600310373104e+09,"inference/infeasibility_precision":1,"inference/reject_mu_auroc_hard_detect":0.7779533650482275,"inference/bin_moderate/infeas_f1":0,"inference/bin_moderate/max_vm_error":0.2923782032759576,"inference/max_vm_error_mean":0.28269510182579966,"inference/bin_moderate/infeas_prec":0,"inference/bin_infeasible/infeas_f1":1,"inference/bin_easy/max_vm_error":0.2810246025693718,"inference/reject_residual_mse@cov90":0.0293484568166548,"inference/max_vm_error_p95":0.47240719199180603,"inference/infeasibility_auroc":1,"inference/feasibility_ece":5.537405439214078e-07,"inference/spearman_mu_vs_error":0.40757047953828396,"inference/mu_traj_nonconv_step3":0.0011519059613060013,"inference/mu_traj_nonconv_step2":0.0006811126697137517,"inference/reject_residual_mse@cov70":0.026775225202575286,"inference/mu_traj_nonconv_step0":0.0010000000474974513,"inference/bin_easy/infeas_f1":0,"inference/bin_easy/infeas_rec":0,"inference/mu_final_bin_easy":0.0008119490688588257,"inference/reject_mu_mse@cov50":0.0211815819335185,"_runtime":126,"inference/reject_residual_mse@cov100":0.031183440036378626,"inference/reject_residual_auroc_hard_detect":0.7284605746577503,"inference/reject_mu_mse@cov70":0.025834578061950258,"inference/bin_easy/state_mse":0.031006675814551698}