{"inference/mu_traj_nonconv_step18":0.7859083176719672,"inference/bin_infeasible/mean_residual":0.36858636514749127,"inference/bin_moderate/mean_residual":0.04108174276518257,"inference/reject_residual_mse@cov50":0.013820099787104419,"inference/bin_moderate/infeas_prec":0,"inference/mu_final_bin_infeasible":1.6857794051907355,"inference/mu_traj_nonconv_step9":0.02156991912171149,"inference/mu_traj_nonconv_step10":0.03421701043506113,"inference/infeasibility_recall":1,"inference/reject_mu_mse@cov100":0.023340316473962404,"inference/reject_residual_mse@cov95":0.023362260525305614,"inference/bin_easy/count":6016,"inference/bin_moderate/conv_rate":0,"inference/spearman_mu_vs_error":0.1527339903568754,"inference/mu_traj_nonconv_step11":0.051338025513256,"inference/reject_mu_mse@cov95":0.023135601230167176,"inference/reject_mu_mse@cov70":0.021615511024887527,"inference/bin_infeasible/infeas_prec":1,"inference/total_time_s":41.420857429504395,"inference/mu_traj_nonconv_step5":0.00299379366250704,"inference/mu_traj_nonconv_step17":0.4840452971084217,"inference/max_vm_error_p95":0.3833457559347152,"_runtime":57,"inference/state_mse":0.023340316473962404,"inference/mu_traj_nonconv_step2":0.0006237524474216211,"inference/bin_easy/max_vm_error":0.24612646015915782,"_timestamp":1.7755602525625098e+09,"inference/mu_traj_nonconv_step15":0.19098657115581644,"_step":0,"inference/reject_residual_mse@cov90":0.02339882228034702,"inference/bin_moderate/infeas_rec":0,"inference/mu_traj_nonconv_step8":0.012843622164681455,"inference/bin_infeasible/conv_rate":0,"inference/mu_traj_nonconv_step19":1.3251038915173912,"inference/mu_traj_nonconv_step6":0.004890937127858294,"inference/bin_easy/state_mse":0.022423038328117807,"inference/feasibility_ece":1.2864247462006139e-06,"inference/bin_infeasible/infeas_f1":1,"inference/bin_moderate/count":1308,"inference/mu_traj_nonconv_step16":0.3025166404869989,"inference/mu_traj_nonconv_step7":0.0077785944216877635,"inference/bin_easy/infeas_rec":0,"inference/convergence_rate":0,"inference/mu_traj_nonconv_step0":0.0010000000474974513,"inference/bin_easy/mean_residual":0.010457319645904638,"inference/reject_residual_auroc_hard_detect":0.7654887562075678,"inference/spearman_residual_vs_error":0.5023915881141496,"inference/mu_traj_nonconv_step1":0.0005102127901912528,"inference/bin_easy/infeas_f1":0,"inference/reject_residual_mse@cov70":0.02129367958490277,"inference/infeasibility_f1":0.9952025586353945,"inference/feasible_conv_rate":0,"inference/max_vm_error_worst":0.5032482147216797,"inference/mu_final_bin_moderate":2.493441918890846,"inference/reject_residual_mse@cov100":0.023340316473962404,"inference/bin_infeasible/count":5601,"inference/mu_growth_rate_nonconv":512,"inference/bin_easy/infeas_prec":0,"inference/mu_traj_nonconv_step12":0.06942288410011783,"inference/mu_traj_nonconv_step14":0.128563414914008,"inference/reject_mu_mse@cov50":0.020678533427488408,"inference/max_vm_error_mean":0.25286976361554675,"inference/reject_mu_mse@cov90":0.02293745435494058,"inference/infeasibility_precision":0.9904509283819629,"_wandb":{"runtime":57},"inference/mu_traj_nonconv_step13":0.09255533147846808,"inference/mu_traj_nonconv_step3":0.0010111025625315622,"inference/mu_traj_nonconv_step4":0.0017512476653848258,"inference/bin_infeasible/infeas_rec":1,"inference/bin_easy/conv_rate":0,"inference/mu_final_bin_easy":0.7352884507113936,"inference/total_samples":12925,"inference/bin_moderate/state_mse":0.027559234918458658,"inference/infeasibility_auroc":1,"inference/reject_residual_mse@cov80":0.02274070394379735,"inference/mean_iters":20,"inference/reject_mu_auroc_hard_detect":0.6891905919086931,"inference/reject_mu_mse@cov80":0.022353403367586455,"inference/per_sample_time_s":0.0032047085051840926,"inference/bin_moderate/infeas_f1":0,"inference/bin_moderate/max_vm_error":0.2838848351703142}