{"inference/spearman_residual_vs_error":0.3433139414796742,"inference/max_vm_error_worst":0.559999942779541,"inference/bin_easy/infeas_f1":0,"inference/mu_traj_nonconv_step4":0.0020082719017064737,"inference/mu_traj_nonconv_step7":0.008940556743334957,"inference/infeasibility_recall":1,"inference/infeasibility_precision":1,"inference/reject_mu_auroc_hard_detect":0.6523557832054386,"inference/bin_infeasible/mean_residual":0.48503886263917306,"inference/reject_mu_mse@cov95":0.025078667696109447,"inference/bin_infeasible/conv_rate":0,"inference/reject_mu_mse@cov70":0.02398580980457323,"inference/bin_infeasible/infeas_rec":1,"inference/mu_traj_nonconv_step0":0.0010000000474974513,"inference/reject_residual_mse@cov95":0.02530236367730089,"inference/mu_traj_nonconv_step8":0.015055412588376659,"inference/bin_moderate/conv_rate":0,"inference/bin_moderate/infeas_f1":0,"inference/bin_moderate/max_vm_error":0.27744578294393707,"inference/infeasibility_f1":1,"inference/reject_residual_auroc_hard_detect":0.653716512803865,"inference/mu_traj_nonconv_step9":0.02573054039731532,"inference/mu_traj_nonconv_step2":0.0006810954993832658,"inference/mu_growth_rate_nonconv":512,"inference/bin_easy/conv_rate":0,"inference/bin_easy/mean_residual":0.024982249968220818,"inference/bin_infeasible/infeas_prec":1,"inference/mu_traj_nonconv_step18":1.0202176113407129,"inference/mu_traj_nonconv_step3":0.0011519059613060013,"inference/mu_traj_nonconv_step15":0.25721324536825174,"inference/infeasibility_auroc":1,"inference/reject_residual_mse@cov80":0.025660557589768446,"inference/bin_easy/infeas_prec":0,"inference/bin_infeasible/infeas_f1":1,"_step":0,"inference/bin_easy/infeas_rec":0,"inference/max_vm_error_mean":0.26806600076405035,"inference/mu_final_bin_moderate":2.6209129560763746,"inference/max_vm_error_p95":0.39418984949588776,"inference/mu_traj_nonconv_step13":0.13431006681760455,"inference/mu_traj_nonconv_step17":0.6346873712114903,"inference/total_time_s":138.49030780792236,"inference/bin_moderate/infeas_rec":0,"inference/feasibility_ece":5.537404886561454e-07,"_timestamp":1.7755605495261133e+09,"inference/bin_easy/count":18717,"inference/bin_moderate/count":3229,"inference/feasible_conv_rate":0,"inference/mu_traj_nonconv_step1":0.0005105769473280256,"inference/bin_easy/state_mse":0.025065884554780378,"inference/reject_residual_mse@cov50":0.020495401704956798,"inference/bin_moderate/infeas_prec":0,"inference/mu_traj_nonconv_step5":0.003412358506858544,"inference/bin_moderate/state_mse":0.02595666280904218,"inference/bin_easy/max_vm_error":0.26644782922700627,"inference/reject_mu_mse@cov90":0.02491480266846892,"inference/reject_residual_mse@cov90":0.025557540851476095,"inference/mu_traj_nonconv_step10":0.04282397483247135,"inference/mu_traj_nonconv_step11":0.06742206700893096,"inference/reject_mu_mse@cov100":0.02519694821025342,"inference/mu_traj_nonconv_step19":1.7049633210159103,"inference/mu_traj_nonconv_step14":0.18115346391519088,"inference/mu_final_bin_easy":1.2989995162861114,"inference/mu_traj_nonconv_step6":0.005576764516255715,"inference/mu_final_bin_infeasible":1.918491579114622,"inference/spearman_mu_vs_error":0.12196457295398078,"inference/reject_residual_mse@cov70":0.02515496181521067,"inference/mu_traj_nonconv_step16":0.3999228118324354,"inference/reject_mu_mse@cov80":0.024426318033792374,"inference/bin_infeasible/count":21734,"inference/convergence_rate":0,"inference/total_samples":43680,"_wandb":{"runtime":192},"inference/reject_mu_mse@cov50":0.022957606231250993,"inference/per_sample_time_s":0.0031705656549432778,"inference/reject_residual_mse@cov100":0.02519694821025342,"_runtime":192,"inference/mu_traj_nonconv_step12":0.09794536532633191,"inference/mean_iters":20,"inference/bin_moderate/mean_residual":0.055122263634969075,"inference/state_mse":0.02519694821025342}