{"inference/bin_moderate/infeas_rec":0,"_wandb":{"runtime":104},"inference/bin_moderate/infeas_prec":0,"inference/bin_easy/infeas_rec":0,"inference/bin_easy/state_mse":0.0003460149445091599,"inference/bin_moderate/max_vm_error":0.08076169171364479,"inference/reject_residual_mse@cov80":0.0002868512844592259,"inference/total_time_s":51.806896448135376,"inference/infeasibility_precision":1,"inference/per_sample_time_s":0.0011860553216148208,"_timestamp":1.7756159763580337e+09,"inference/bin_moderate/mean_residual":1.1213029413636213,"inference/infeasibility_f1":1,"inference/max_vm_error_mean":0.028696906424846316,"inference/reject_mu_mse@cov50":0.0003757526096389782,"inference/max_vm_error_p95":0.057807549834251404,"inference/bin_easy/infeas_prec":0,"inference/bin_infeasible/infeas_f1":1,"inference/spearman_mu_vs_error":0.009769550159571816,"inference/bin_easy/infeas_f1":0,"inference/reject_mu_mse@cov100":0.0003839946802408271,"inference/bin_moderate/infeas_f1":0,"inference/bin_moderate/conv_rate":0,"inference/reject_residual_mse@cov90":0.00031831886669767153,"inference/reject_residual_mse@cov50":0.0002479394342599941,"inference/bin_infeasible/mean_residual":3.3581519013614742,"inference/reject_residual_auroc_hard_detect":0.6393338531769267,"inference/reject_residual_mse@cov95":0.00034031590307806236,"inference/state_mse":0.0003839946802408271,"inference/reject_residual_mse@cov70":0.0002701746826492146,"_step":0,"inference/bin_infeasible/conv_rate":0,"inference/bin_easy/conv_rate":0,"inference/feasibility_ece":5.006077456274163e-06,"inference/total_samples":43680,"inference/reject_mu_mse@cov95":0.0003844976588480165,"inference/bin_moderate/count":306,"inference/feasible_conv_rate":0,"inference/infeasibility_auroc":1,"inference/infeasibility_recall":1,"inference/bin_infeasible/infeas_rec":1,"inference/bin_easy/count":21640,"inference/mean_iters":0,"inference/reject_mu_mse@cov70":0.00037155206524191705,"inference/bin_easy/mean_residual":0.5975187457512631,"inference/convergence_rate":0,"inference/reject_mu_auroc_hard_detect":1,"inference/max_vm_error_worst":0.3064884543418884,"inference/bin_infeasible/infeas_prec":1,"inference/bin_easy/max_vm_error":0.02796068533896959,"_runtime":104,"inference/spearman_residual_vs_error":0.30426163856993416,"inference/bin_moderate/state_mse":0.0030698818738136313,"inference/reject_mu_mse@cov80":0.00037266289679242196,"inference/bin_infeasible/count":21734,"inference/reject_mu_mse@cov90":0.00038337690198849095,"inference/reject_residual_mse@cov100":0.0003839946802408271}