{"inference/mu_traj_nonconv_step12":0.032292752266717455,"inference/mu_final_bin_easy":1.1108479260568582,"inference/bin_infeasible/mean_residual":0.15724803461302309,"inference/reject_mu_mse@cov100":4.475677346651677e-11,"inference/spearman_mu_vs_error":-0.03088295085532966,"inference/mu_traj_nonconv_step13":0.04827645818336161,"inference/bin_infeasible/infeas_prec":1,"inference/bin_moderate/infeas_prec":0,"_step":0,"inference/reject_residual_mse@cov90":4.9396508679172416e-11,"inference/bin_infeasible/infeas_f1":0.007470651013874065,"inference/bin_easy/max_vm_error":5.1638633662562e-07,"inference/reject_residual_mse@cov95":4.6909417145620664e-11,"inference/total_samples":12925,"inference/reject_mu_auroc_hard_detect":0.5815534005197818,"inference/bin_moderate/max_vm_error":1.1202346446902252e-05,"inference/bin_infeasible/conv_rate":0,"inference/infeasibility_precision":0.9545454545454546,"inference/reject_mu_mse@cov90":4.958620362210545e-11,"inference/bin_easy/infeas_rec":0,"inference/feasible_conv_rate":0,"inference/max_vm_error_worst":0.0009018778800964355,"inference/spearman_residual_vs_error":0.5055723047014314,"inference/bin_easy/conv_rate":0,"inference/reject_residual_mse@cov50":7.415946028712747e-11,"inference/mu_traj_nonconv_step18":0.5358701959070128,"inference/infeasibility_f1":0.007469322425751378,"inference/reject_mu_mse@cov50":8.87731659506203e-11,"inference/mu_growth_rate_nonconv":512,"inference/bin_easy/state_mse":4.0921567918049466e-13,"_runtime":47,"inference/max_vm_error_mean":8.300785026154448e-07,"inference/mu_traj_nonconv_step5":0.001706296019149157,"inference/mu_traj_nonconv_step0":0.0010000000474974513,"inference/reject_residual_mse@cov80":5.461200131312794e-11,"inference/reject_mu_mse@cov70":6.354999480815857e-11,"inference/max_vm_error_p95":1.430511474609375e-06,"inference/reject_mu_mse@cov95":4.701460886852558e-11,"inference/bin_easy/count":7109,"inference/mu_traj_nonconv_step11":0.023417448147447967,"_timestamp":1.7756167211850872e+09,"inference/bin_moderate/infeas_f1":0,"inference/infeasibility_recall":0.003749330476700589,"inference/feasibility_ece":7.2996272025167305e-06,"_wandb":{"runtime":47},"inference/mu_traj_nonconv_step4":0.0010462911522106674,"inference/bin_infeasible/count":5601,"inference/reject_residual_auroc_hard_detect":0.7677261502475272,"inference/mu_traj_nonconv_step7":0.004490836165914481,"inference/mu_traj_nonconv_step1":0.0005116054401606883,"inference/mu_traj_nonconv_step15":0.11640383818725095,"inference/mu_traj_nonconv_step9":0.010647677760331343,"inference/bin_moderate/conv_rate":0,"inference/mu_final_bin_moderate":0.16005422271844635,"inference/mean_iters":20,"inference/per_sample_time_s":0.002441701962823333,"inference/mu_traj_nonconv_step3":0.0006392069936102181,"inference/mu_traj_nonconv_step2":0.0004600000218488276,"inference/bin_easy/infeas_prec":0,"inference/bin_moderate/count":215,"inference/bin_easy/mean_residual":1.8230665658014381e-06,"inference/mu_traj_nonconv_step17":0.30194195824862946,"inference/mu_traj_nonconv_step16":0.18682129272266443,"inference/mu_traj_nonconv_step14":0.07442387880694633,"inference/mu_traj_nonconv_step8":0.007009421573258464,"inference/mu_final_bin_infeasible":0.8612631635644716,"inference/bin_easy/infeas_f1":0,"inference/mu_traj_nonconv_step10":0.016181015109103362,"inference/reject_residual_mse@cov70":6.22956351419466e-11,"inference/state_mse":4.475677346651677e-11,"inference/mu_traj_nonconv_step19":0.9868753998721298,"inference/reject_mu_mse@cov80":5.564866077033222e-11,"inference/bin_moderate/infeas_rec":0,"inference/infeasibility_auroc":1,"inference/mu_traj_nonconv_step6":0.002788227888719979,"inference/convergence_rate":0,"inference/reject_residual_mse@cov100":4.475677346651677e-11,"inference/bin_moderate/state_mse":1.5111139283975567e-09,"inference/bin_infeasible/infeas_rec":0.003749330476700589,"inference/total_time_s":31.558997869491577,"inference/bin_moderate/mean_residual":2.596042183942573e-06}