{"inference/reject_mu_mse@cov90":0.029358208712977986,"inference/mu_traj_nonconv_step13":0.20445448978419897,"inference/bin_moderate/infeas_rec":0,"inference/convergence_rate":0,"inference/mu_traj_nonconv_step16":0.5648756936430975,"inference/mu_final_bin_infeasible":2.3108039730559566,"inference/bin_infeasible/infeas_prec":1,"inference/bin_easy/infeas_prec":0,"inference/mu_traj_nonconv_step3":0.0013967836256766897,"inference/bin_moderate/count":1206,"inference/infeasibility_f1":0.9917720741741374,"inference/reject_mu_mse@cov100":0.02928921145568384,"inference/reject_residual_mse@cov100":0.02928921145568384,"inference/reject_mu_mse@cov50":0.02993353338396195,"inference/mu_traj_nonconv_step11":0.09551980804342308,"inference/mu_traj_nonconv_step7":0.011178194263499133,"inference/reject_mu_auroc_hard_detect":0.5217758472129216,"inference/infeasibility_recall":1,"inference/mu_traj_nonconv_step0":0.0010000000474974513,"inference/spearman_mu_vs_error":-0.10235798268393115,"inference/feasible_conv_rate":0,"inference/total_time_s":49.25316858291626,"inference/mu_traj_nonconv_step12":0.14618130126015583,"inference/bin_moderate/max_vm_error":0.2638134650428892,"inference/bin_moderate/state_mse":0.02240877262946793,"inference/mu_traj_nonconv_step6":0.006784271311011289,"inference/mu_traj_nonconv_step8":0.019341483909896085,"inference/bin_easy/infeas_rec":0,"inference/reject_mu_mse@cov95":0.029351972223832734,"inference/infeasibility_precision":0.9836784409257003,"_step":0,"inference/mu_traj_nonconv_step2":0.0007832674089024188,"inference/mu_traj_nonconv_step4":0.002436048419086349,"_timestamp":1.7755602606989863e+09,"inference/bin_infeasible/infeas_f1":1,"inference/per_sample_time_s":0.0031955601494138884,"inference/mu_final_bin_moderate":2.737238935982016,"inference/bin_moderate/conv_rate":0,"inference/bin_infeasible/mean_residual":0.6513177960845372,"inference/mean_iters":20,"inference/reject_residual_mse@cov80":0.031175124718855085,"inference/reject_mu_mse@cov80":0.029355079935815057,"inference/bin_easy/state_mse":0.03064263002107552,"inference/mu_traj_nonconv_step9":0.033771197946013576,"_runtime":68,"inference/infeasibility_auroc":1,"inference/reject_residual_mse@cov90":0.029898080930458506,"inference/mu_growth_rate_nonconv":512,"inference/max_vm_error_worst":0.559999942779541,"inference/max_vm_error_mean":0.30610564237754223,"inference/mu_traj_nonconv_step5":0.004104354068300011,"inference/bin_infeasible/conv_rate":0,"inference/mu_traj_nonconv_step1":0.0005110945548667471,"inference/bin_moderate/infeas_f1":0,"inference/mu_traj_nonconv_step18":1.4667850746790314,"inference/mu_traj_nonconv_step17":0.9083034497948109,"inference/total_samples":15413,"inference/bin_easy/conv_rate":0,"inference/spearman_residual_vs_error":-0.4603425458428727,"inference/reject_residual_mse@cov95":0.029243632604820997,"inference/mu_traj_nonconv_step10":0.05827000123183816,"inference/reject_residual_mse@cov70":0.03259183431625504,"inference/bin_easy/max_vm_error":0.31442473646750985,"inference/reject_residual_auroc_hard_detect":0.26894420017637233,"inference/reject_mu_mse@cov70":0.029543580901069965,"_wandb":{"runtime":68},"inference/bin_easy/infeas_f1":0,"inference/state_mse":0.02928921145568384,"inference/mu_traj_nonconv_step14":0.26971540666523586,"inference/feasibility_ece":1.3179600945273029e-08,"inference/max_vm_error_p95":0.4155554175376892,"inference/mu_traj_nonconv_step15":0.3669879135888724,"inference/bin_moderate/mean_residual":0.07733204315847425,"inference/bin_infeasible/infeas_rec":1,"inference/bin_infeasible/count":8076,"inference/mu_final_bin_easy":2.563178692035287,"inference/bin_easy/count":6131,"inference/bin_moderate/infeas_prec":0,"inference/mu_traj_nonconv_step19":2.4445605400676413,"inference/reject_residual_mse@cov50":0.03484824122301168,"inference/bin_easy/mean_residual":0.0580294541589268}