{"inference/bin_easy/count":21640,"_timestamp":1.7756157511225529e+09,"inference/bin_moderate/mean_residual":1.0554629885682874,"inference/reject_mu_mse@cov70":0.0002740182332096409,"inference/reject_mu_mse@cov95":0.0002836117576208891,"inference/infeasibility_recall":1,"inference/reject_residual_mse@cov90":0.0002314119772907643,"inference/bin_easy/infeas_rec":0,"inference/bin_infeasible/mean_residual":3.1125617151954987,"inference/bin_moderate/infeas_rec":0,"inference/reject_residual_auroc_hard_detect":0.6611290138111799,"inference/reject_residual_mse@cov50":0.00018211002374402517,"inference/reject_mu_auroc_hard_detect":1,"inference/reject_mu_mse@cov50":0.0002767642625843139,"_wandb":{"runtime":103},"inference/max_vm_error_worst":0.2859182357788086,"inference/max_vm_error_p95":0.05474288761615753,"inference/mean_iters":0,"_runtime":103,"inference/bin_easy/infeas_f1":0,"inference/per_sample_time_s":0.0011710551031779894,"inference/reject_mu_mse@cov90":0.0002824362094826187,"inference/reject_residual_mse@cov95":0.00024712186495492924,"_step":0,"inference/bin_moderate/count":306,"inference/spearman_mu_vs_error":0.01176651903194037,"inference/state_mse":0.0002824945645116656,"inference/convergence_rate":0,"inference/bin_moderate/max_vm_error":0.07063833151767457,"inference/reject_residual_mse@cov100":0.0002824945645116656,"inference/spearman_residual_vs_error":0.35963615477991184,"inference/bin_easy/state_mse":0.0002605619550017335,"inference/bin_infeasible/infeas_rec":1,"inference/infeasibility_f1":1,"inference/bin_easy/conv_rate":0,"inference/reject_mu_mse@cov80":0.0002755213652551522,"inference/bin_easy/infeas_prec":0,"inference/bin_infeasible/count":21734,"inference/bin_infeasible/infeas_f1":1,"inference/reject_residual_mse@cov70":0.0001995808284450532,"inference/reject_residual_mse@cov80":0.00021095128714902027,"inference/bin_moderate/infeas_prec":0,"inference/infeasibility_precision":1,"inference/bin_moderate/state_mse":0.001833545772991831,"inference/bin_moderate/conv_rate":0,"inference/bin_easy/max_vm_error":0.024340883676864745,"inference/feasibility_ece":6.237433405282671e-06,"inference/total_samples":43680,"inference/total_time_s":51.151686906814575,"inference/bin_moderate/infeas_f1":0,"inference/bin_easy/mean_residual":0.5096839379973696,"inference/reject_mu_mse@cov100":0.0002824945645116656,"inference/infeasibility_auroc":1,"inference/feasible_conv_rate":0,"inference/bin_infeasible/infeas_prec":1,"inference/max_vm_error_mean":0.02498642359481279,"inference/bin_infeasible/conv_rate":0}