{"baseline/bin_moderate/mean_residual":2.086856493762895e-06,"baseline/total_samples":43680,"baseline/max_vm_error_mean":5.614966124222858e-07,"baseline/bin_infeasible/conv_rate":0,"_runtime":236,"_timestamp":1.7756155552663486e+09,"baseline/total_time_s":131.96357893943787,"baseline/bin_easy/mean_residual":1.5416782435912294e-06,"baseline/max_vm_error_worst":0.0012257695198059082,"baseline/bin_moderate/state_mse":1.7848666351689246e-09,"baseline/bin_moderate/conv_rate":0,"baseline/bin_infeasible/mean_residual":0.13877114705899782,"baseline/convergence_rate":0,"baseline/bin_infeasible/count":21734,"baseline/state_mse":2.5053645269585316e-11,"baseline/bin_easy/max_vm_error":4.285887957941362e-07,"baseline/mean_iters":50,"baseline/bin_easy/count":21640,"baseline/bin_moderate/max_vm_error":9.960598415798611e-06,"baseline/per_sample_time_s":0.003021144206488962,"baseline/bin_easy/conv_rate":0,"baseline/bin_moderate/count":306,"baseline/max_vm_error_p95":1.1920928955078125e-06,"baseline/bin_easy/state_mse":1.6904384124900253e-13,"baseline/feasible_conv_rate":0,"_step":0,"_wandb":{"runtime":236}}