{"inference/bin_infeasible/mean_residual":0.15724649577215513,"inference/infeasibility_f1":1,"inference/mu_traj_nonconv_step2":0.0004600000218488276,"inference/infeasibility_auroc":1,"inference/infeasibility_recall":1,"inference/mu_traj_nonconv_step10":0.0161391381426559,"inference/state_mse":1.4778985277635268e-11,"inference/spearman_mu_vs_error":-0.029770819454461694,"inference/max_vm_error_worst":0.0006966590881347656,"inference/mu_traj_nonconv_step8":0.006994670907664228,"inference/mu_traj_nonconv_step13":0.048035823500752195,"inference/bin_moderate/conv_rate":0,"inference/bin_moderate/infeas_prec":0,"inference/bin_easy/conv_rate":0,"inference/reject_residual_mse@cov70":1.0669421373183784e-11,"_timestamp":1.775616577771034e+09,"inference/mean_iters":20,"inference/mu_traj_nonconv_step18":0.525838132144732,"inference/bin_easy/count":7109,"inference/bin_infeasible/infeas_rec":1,"inference/bin_infeasible/infeas_f1":1,"inference/infeasibility_precision":1,"inference/mu_traj_nonconv_step19":0.9656716186425671,"inference/reject_residual_mse@cov80":9.678536941759494e-12,"inference/reject_residual_mse@cov100":1.4778985277635268e-11,"inference/feasible_conv_rate":0,"inference/mu_traj_nonconv_step11":0.02330056811741629,"inference/bin_moderate/state_mse":4.894618275840585e-10,"inference/bin_infeasible/count":5601,"_step":0,"inference/bin_easy/state_mse":4.229842794806757e-13,"inference/reject_mu_mse@cov80":1.8158176397905064e-11,"inference/mu_traj_nonconv_step15":0.11552384196103606,"inference/reject_residual_mse@cov90":9.029315071196242e-12,"inference/mu_traj_nonconv_step3":0.0006392650206922778,"inference/reject_mu_mse@cov50":2.8787566515391853e-11,"inference/convergence_rate":0,"inference/bin_infeasible/conv_rate":0,"inference/bin_moderate/max_vm_error":1.0587448297544967e-05,"inference/reject_mu_mse@cov100":1.4778985277635268e-11,"inference/mu_traj_nonconv_step9":0.010621567386750741,"_runtime":47,"inference/mu_traj_nonconv_step5":0.0017042940848180934,"inference/reject_mu_mse@cov90":1.6237741169090476e-11,"inference/per_sample_time_s":0.002440471649169922,"inference/mu_traj_nonconv_step14":0.07405783484991438,"inference/mu_traj_nonconv_step16":0.18448038661836808,"inference/max_vm_error_mean":8.156249459358853e-07,"inference/mu_traj_nonconv_step6":0.002784485141927121,"inference/reject_residual_mse@cov95":8.746038506887782e-12,"inference/mu_final_bin_moderate":0.1893428142258588,"inference/bin_easy/mean_residual":1.824057273333017e-06,"inference/mu_traj_nonconv_step1":0.0005116054401606883,"inference/bin_moderate/infeas_rec":0,"inference/bin_moderate/mean_residual":2.5469549866609795e-06,"inference/mu_traj_nonconv_step7":0.004485513994481807,"inference/total_samples":12925,"inference/bin_infeasible/infeas_prec":1,"inference/mu_growth_rate_nonconv":128,"inference/bin_easy/infeas_rec":0,"inference/mu_final_bin_easy":1.0713518628501886,"inference/bin_moderate/count":215,"inference/feasibility_ece":7.299635309621522e-06,"inference/mu_traj_nonconv_step17":0.29637024996295275,"inference/bin_easy/infeas_prec":0,"inference/reject_mu_mse@cov95":1.5447021519442872e-11,"inference/mu_traj_nonconv_step4":0.0010459574964888235,"inference/mu_final_bin_infeasible":0.8613384347249832,"inference/spearman_residual_vs_error":0.4975460142623731,"inference/mu_traj_nonconv_step0":0.0010000000474974513,"inference/max_vm_error_p95":1.430511474609375e-06,"inference/bin_easy/infeas_f1":0,"inference/mu_traj_nonconv_step12":0.03217578814275045,"inference/reject_mu_mse@cov70":2.0668581965211052e-11,"inference/bin_easy/max_vm_error":5.20092238016916e-07,"_wandb":{"runtime":47},"inference/reject_residual_mse@cov50":1.8941287374360888e-12,"inference/reject_residual_auroc_hard_detect":0.757623947782009,"inference/total_time_s":31.54309606552124,"inference/bin_moderate/infeas_f1":0,"inference/reject_mu_auroc_hard_detect":0.5850503540427751}