{"inference/bin_moderate/mean_residual":0.04056444337494694,"inference/reject_mu_mse@cov90":0.02273094101114613,"inference/mu_traj_nonconv_step12":0.07504912520617367,"inference/infeasibility_auroc":1,"inference/bin_easy/state_mse":0.022224829872027507,"inference/mu_final_bin_easy":0.5232824958823639,"inference/reject_residual_mse@cov50":0.013804685485891355,"inference/reject_residual_mse@cov70":0.021042106883552906,"inference/mu_traj_nonconv_step4":0.0017832931214523578,"inference/max_vm_error_p95":0.3798327326774597,"inference/mu_traj_nonconv_step2":0.0006411605720395651,"inference/reject_residual_mse@cov100":0.02308112018548445,"inference/mu_final_bin_moderate":1.404194375755284,"inference/mu_traj_nonconv_step14":0.12137599341540668,"inference/bin_infeasible/infeas_f1":0.9999107222569413,"inference/bin_infeasible/mean_residual":0.3438840752370739,"inference/bin_easy/count":6016,"inference/bin_easy/max_vm_error":0.2455709399259154,"inference/total_samples":12925,"inference/bin_moderate/max_vm_error":0.2825559723541277,"inference/state_mse":0.02308112018548445,"inference/mu_traj_nonconv_step1":0.0005111412235042098,"inference/mu_final_bin_infeasible":2.103591958511931,"inference/feasible_conv_rate":0,"inference/max_vm_error_worst":0.5023882985115051,"inference/mu_traj_nonconv_step16":0.27921917572290944,"inference/mu_traj_nonconv_step5":0.0030187017874812147,"inference/bin_moderate/infeas_prec":0,"inference/bin_moderate/conv_rate":0,"inference/mu_traj_nonconv_step13":0.08755170297111856,"_timestamp":1.7755610309713793e+09,"inference/mu_traj_nonconv_step11":0.06306411796909121,"inference/max_vm_error_mean":0.2521761314081794,"inference/spearman_mu_vs_error":0.1157317186775697,"inference/mu_traj_nonconv_step6":0.005197896765262078,"inference/bin_easy/mean_residual":0.01042904128801038,"_runtime":58,"inference/reject_residual_mse@cov95":0.023069623494446464,"inference/per_sample_time_s":0.0032445623335109687,"inference/mu_traj_nonconv_step3":0.0010356480182428633,"inference/reject_residual_mse@cov90":0.02308993063632175,"inference/reject_mu_mse@cov50":0.02089534806678702,"inference/bin_moderate/count":1308,"inference/infeasibility_recall":0.9998214604534904,"inference/spearman_residual_vs_error":0.4982112880676002,"_step":0,"inference/mu_traj_nonconv_step10":0.043736092351772546,"inference/reject_mu_auroc_hard_detect":0.6666564754526465,"inference/infeasibility_precision":0.99644128113879,"inference/mean_iters":20,"inference/feasibility_ece":8.857908567859319e-05,"inference/mu_traj_nonconv_step0":0.0010000000474974513,"inference/reject_residual_mse@cov80":0.022341742560067615,"inference/infeasibility_f1":0.9981285090455396,"inference/mu_traj_nonconv_step15":0.17861363347613635,"inference/bin_infeasible/count":5601,"inference/bin_easy/conv_rate":0,"inference/bin_easy/infeas_f1":0,"inference/total_time_s":41.93596816062927,"inference/reject_mu_mse@cov100":0.02308112018548445,"inference/bin_moderate/infeas_f1":0,"inference/bin_infeasible/infeas_rec":0.9998214604534904,"inference/mu_traj_nonconv_step7":0.008999535001923041,"inference/bin_moderate/state_mse":0.027019531902424038,"inference/reject_mu_mse@cov95":0.022872787192267735,"inference/mu_growth_rate_nonconv":512,"_wandb":{"runtime":58},"inference/bin_moderate/infeas_rec":0,"inference/reject_residual_auroc_hard_detect":0.7624706903170442,"inference/bin_infeasible/infeas_prec":1,"inference/reject_mu_mse@cov80":0.022276166364607955,"inference/mu_traj_nonconv_step18":0.761877938447897,"inference/reject_mu_mse@cov70":0.021661851829378277,"inference/mu_traj_nonconv_step9":0.027173722277142837,"inference/bin_easy/infeas_prec":0,"inference/mu_traj_nonconv_step8":0.01571263251613588,"inference/mu_traj_nonconv_step17":0.45162406808421174,"inference/mu_traj_nonconv_step19":1.2972512416511828,"inference/bin_infeasible/conv_rate":0,"inference/convergence_rate":0,"inference/bin_easy/infeas_rec":0}