{"inference/bin_infeasible/infeas_f1":0.020930232558139538,"inference/reject_mu_mse@cov95":0.015301622702927713,"inference/bin_easy/conv_rate":0,"inference/mu_traj_nonconv_step10":0.03632448610032043,"inference/bin_easy/infeas_prec":0,"inference/mu_traj_nonconv_step14":0.1536171322964219,"inference/mu_traj_nonconv_step0":0.0010000000474974513,"inference/max_vm_error_worst":0.4296039938926697,"inference/mu_traj_nonconv_step6":0.00841046914947583,"_timestamp":1.775560962201132e+09,"inference/mu_traj_nonconv_step5":0.005733453397324411,"inference/total_samples":2000,"inference/mu_traj_nonconv_step19":2.1730641032150015,"inference/bin_easy/infeas_rec":0,"inference/mu_final_bin_infeasible":2.130082357342691,"inference/per_sample_time_s":0.0024635503292083742,"inference/reject_mu_mse@cov50":0.016003022987658044,"inference/mu_traj_nonconv_step9":0.025778505130663234,"inference/bin_easy/infeas_f1":0,"inference/reject_residual_auroc_hard_detect":0.3249853610197739,"inference/bin_moderate/state_mse":0.011615268129389733,"inference/total_time_s":4.927100658416748,"inference/infeasibility_f1":0.02089378990133488,"inference/mean_iters":20,"inference/max_vm_error_mean":0.24433983952407068,"inference/mu_traj_nonconv_step16":0.4322245205295621,"inference/bin_moderate/mean_residual":0.1211030662059784,"inference/mu_traj_nonconv_step4":0.003517843917088612,"inference/bin_easy/mean_residual":0.078602081178118,"inference/bin_moderate/infeas_rec":0,"inference/reject_mu_mse@cov100":0.015263496769198385,"inference/mu_final_bin_moderate":2.2928001089021564,"inference/bin_infeasible/count":1702,"inference/bin_infeasible/infeas_prec":1,"inference/bin_easy/state_mse":0.01552595926127095,"inference/reject_mu_mse@cov80":0.015616034655518704,"inference/bin_infeasible/infeas_rec":0.010575793184488837,"inference/mu_traj_nonconv_step17":0.7106060337519738,"inference/bin_moderate/conv_rate":0,"inference/reject_mu_mse@cov90":0.015457135505293176,"inference/spearman_residual_vs_error":-0.3122103393477773,"inference/bin_moderate/count":20,"_step":0,"inference/mu_growth_rate_nonconv":512,"inference/feasible_conv_rate":0,"inference/mu_traj_nonconv_step11":0.054141783821596616,"inference/bin_infeasible/conv_rate":0,"inference/convergence_rate":0,"inference/mu_traj_nonconv_step12":0.07443156603530951,"_wandb":{"runtime":7},"inference/mu_traj_nonconv_step8":0.01779202623570086,"inference/feasibility_ece":0.04999998277425766,"inference/infeasibility_auroc":0.9710979581857901,"inference/mu_traj_nonconv_step1":0.0005780000274535268,"inference/mu_traj_nonconv_step2":0.0010648750505788485,"inference/mu_traj_nonconv_step18":1.2541135595671948,"inference/bin_easy/max_vm_error":0.25047182243504973,"inference/reject_residual_mse@cov70":0.016445380502353564,"inference/reject_mu_mse@cov70":0.016046294216021825,"inference/bin_moderate/max_vm_error":0.1591052770614624,"inference/bin_easy/count":278,"inference/mu_traj_nonconv_step3":0.0019836875942201002,"inference/mu_traj_nonconv_step7":0.012362891212205795,"inference/mu_traj_nonconv_step15":0.25691151220264147,"inference/spearman_mu_vs_error":-0.06570950691172461,"_runtime":7,"inference/reject_residual_mse@cov95":0.015121416194535555,"inference/reject_residual_mse@cov100":0.015263496769198385,"inference/reject_mu_auroc_hard_detect":0.6023602540426107,"inference/bin_infeasible/mean_residual":0.19318213752885682,"inference/max_vm_error_p95":0.3791546016931533,"inference/infeasibility_recall":0.010575793184488837,"inference/reject_residual_mse@cov50":0.01788985691870869,"inference/reject_residual_mse@cov80":0.01575931953559747,"inference/bin_moderate/infeas_f1":0,"inference/mu_traj_nonconv_step13":0.10007675475339056,"inference/reject_residual_mse@cov90":0.015301623081948275,"inference/mu_final_bin_easy":2.427597237606834,"inference/bin_moderate/infeas_prec":0,"inference/infeasibility_precision":0.8571428571428571,"inference/state_mse":0.015263496769198385}