{"inference/max_vm_error_worst":5.304813385009766e-06,"inference/mu_traj_nonconv_step8":0.004055951364522343,"inference/max_vm_error_p95":7.152557373046875e-07,"inference/mu_traj_nonconv_step9":0.004551848849013709,"inference/bin_infeasible/infeas_prec":1,"inference/feasibility_ece":0.24749909964203837,"inference/bin_infeasible/mean_residual":0.10268750992285407,"inference/bin_moderate/mean_residual":1.1235475540161134e-06,"inference/mu_traj_nonconv_step3":0.0006275000298046507,"inference/reject_residual_mse@cov90":1.873256791939615e-13,"_wandb":{"runtime":6},"inference/feasible_conv_rate":0,"inference/mu_traj_nonconv_step11":0.008759316089873294,"inference/bin_moderate/max_vm_error":1.6391277313232422e-06,"inference/total_time_s":4.376333475112915,"inference/mu_traj_nonconv_step12":0.0139158136492469,"inference/bin_moderate/infeas_rec":0,"inference/reject_mu_mse@cov50":1.8683572205760547e-13,"inference/mu_traj_nonconv_step0":0.0010000000474974513,"inference/reject_mu_mse@cov90":1.6766311653543742e-13,"inference/bin_moderate/count":10,"inference/mu_traj_nonconv_step10":0.005920898230446312,"inference/infeasibility_auroc":0.8007595560735576,"inference/reject_residual_mse@cov80":1.6420347312822334e-13,"inference/mu_traj_nonconv_step18":0.392048612371309,"_timestamp":1.7756168140993583e+09,"inference/bin_moderate/infeas_prec":0,"inference/mu_traj_nonconv_step14":0.03598979272504835,"inference/mu_traj_nonconv_step7":0.0030863634278443896,"inference/bin_easy/infeas_rec":0,"inference/mu_traj_nonconv_step6":0.002018031345851341,"inference/mean_iters":20,"inference/bin_moderate/infeas_f1":0,"inference/spearman_residual_vs_error":0.024391935454034064,"inference/reject_residual_mse@cov100":1.8636872293669643e-13,"inference/reject_mu_auroc_hard_detect":0.6037950421671352,"inference/reject_mu_mse@cov70":1.681047544039886e-13,"_runtime":6,"inference/per_sample_time_s":0.0021881667375564574,"inference/reject_residual_mse@cov70":1.42163937619717e-13,"inference/bin_infeasible/conv_rate":0,"inference/reject_mu_mse@cov100":1.8636872293669643e-13,"inference/reject_mu_mse@cov80":1.7438658425514143e-13,"inference/bin_easy/infeas_prec":0,"inference/mu_traj_nonconv_step15":0.061922881847428925,"inference/infeasibility_precision":1,"inference/bin_easy/infeas_f1":0,"inference/max_vm_error_mean":3.0457494086298804e-07,"inference/reject_mu_mse@cov95":1.6994447541031343e-13,"inference/bin_easy/state_mse":1.394720020422423e-13,"inference/bin_infeasible/count":881,"inference/convergence_rate":0,"inference/mu_final_bin_infeasible":1.0397012412106255,"inference/infeasibility_f1":0.013528748590755356,"inference/mu_traj_nonconv_step16":0.11167633342934095,"inference/reject_residual_mse@cov50":1.3556594068051786e-13,"inference/bin_moderate/state_mse":5.387215070131661e-12,"inference/bin_easy/count":1109,"inference/mu_traj_nonconv_step13":0.021309158238693157,"inference/bin_easy/conv_rate":0,"inference/reject_residual_auroc_hard_detect":0.5377395859954,"inference/mu_traj_nonconv_step1":0.0005195000246749259,"inference/mu_traj_nonconv_step2":0.0004828750229353318,"inference/mu_traj_nonconv_step19":0.7363765974760099,"inference/reject_residual_mse@cov95":1.8266883357474898e-13,"inference/bin_moderate/conv_rate":0,"inference/mu_traj_nonconv_step17":0.2068215410734956,"inference/mu_traj_nonconv_step5":0.0013070469370813952,"inference/state_mse":1.8636872293669643e-13,"inference/mu_final_bin_moderate":0.005225000248174183,"_step":0,"inference/bin_infeasible/infeas_f1":0.013528748590755356,"inference/mu_traj_nonconv_step4":0.000826656289264065,"inference/total_samples":2000,"inference/bin_easy/mean_residual":1.0846996319561753e-06,"inference/mu_growth_rate_nonconv":128,"inference/spearman_mu_vs_error":-0.03530960591251131,"inference/bin_easy/max_vm_error":2.925411014539686e-07,"inference/infeasibility_recall":0.00681044267877412,"inference/bin_infeasible/infeas_rec":0.00681044267877412,"inference/mu_final_bin_easy":0.5020055468376708}