{"inference/reject_mu_mse@cov100":1.2943603939735296e-08,"_wandb":{"runtime":117},"inference/reject_residual_auroc_hard_detect":0.7936561751461582,"inference/bin_moderate/infeas_rec":0,"inference/bin_easy/mean_residual":2.6436261082960946e-06,"inference/bin_easy/infeas_f1":0,"_timestamp":1.7756159875020444e+09,"inference/bin_moderate/infeas_f1":0,"inference/reject_mu_mse@cov90":1.4381582932644033e-08,"inference/spearman_residual_vs_error":0.5686529486288727,"inference/mu_final_bin_moderate":6.311274809573376e-05,"inference/spearman_mu_vs_error":0.28764734623844923,"inference/bin_moderate/conv_rate":0,"inference/reject_mu_mse@cov80":1.617921194104234e-08,"inference/bin_easy/max_vm_error":5.958068172504192e-07,"inference/mu_traj_nonconv_step1":0.0005108860132767714,"inference/mu_traj_nonconv_step2":0.0004799107370802501,"inference/mu_traj_nonconv_step4":0.0011174107673598752,"inference/bin_infeasible/infeas_f1":1,"inference/bin_easy/state_mse":1.4860701057426107e-12,"inference/mu_final_bin_infeasible":0.002111697210818313,"inference/reject_mu_mse@cov50":2.588352585006815e-08,"inference/bin_easy/conv_rate":0,"inference/max_vm_error_worst":0.01656895875930786,"_runtime":117,"inference/reject_residual_mse@cov90":1.4944958625967284e-12,"inference/convergence_rate":0,"inference/bin_moderate/mean_residual":1.5623356197394577e-05,"inference/reject_residual_mse@cov50":2.811031092826367e-13,"inference/total_samples":43680,"inference/mu_traj_nonconv_step3":0.0006943595796836054,"inference/infeasibility_f1":1,"inference/reject_residual_mse@cov80":1.0377514788493584e-12,"inference/reject_residual_mse@cov95":1.774094476224823e-12,"inference/mu_growth_rate_nonconv":0.25,"inference/reject_mu_mse@cov95":1.3625070764407698e-08,"inference/max_vm_error_p95":1.7881393432617188e-06,"inference/reject_mu_auroc_hard_detect":0.7719078806633806,"inference/reject_mu_mse@cov70":1.848941089271815e-08,"inference/state_mse":1.2943603939735296e-08,"inference/bin_infeasible/conv_rate":0,"inference/bin_easy/infeas_prec":0,"inference/infeasibility_recall":1,"inference/feasible_conv_rate":0,"inference/mean_iters":5,"inference/bin_easy/count":21640,"inference/mu_traj_nonconv_step0":0.0010000000474974513,"inference/bin_infeasible/infeas_prec":1,"inference/max_vm_error_mean":8.737140308916542e-06,"inference/bin_moderate/max_vm_error":0.0005844837310267429,"_step":0,"inference/bin_moderate/state_mse":9.281966454390277e-07,"inference/bin_infeasible/infeas_rec":1,"inference/per_sample_time_s":0.0014863023664051797,"inference/total_time_s":64.92168736457825,"inference/reject_residual_mse@cov70":6.463057212223964e-13,"inference/infeasibility_precision":1,"inference/bin_infeasible/count":21734,"inference/infeasibility_auroc":1,"inference/bin_infeasible/mean_residual":0.5824047369817159,"inference/bin_moderate/infeas_prec":0,"inference/feasibility_ece":5.006079525513858e-06,"inference/reject_residual_mse@cov100":1.2943603939735296e-08,"inference/bin_moderate/count":306,"inference/mu_final_bin_easy":0.00013371361540835694,"inference/bin_easy/infeas_rec":0}