{"inference/convergence_rate":0,"inference/bin_easy/mean_residual":0.07801076023430704,"inference/reject_mu_mse@cov50":0.01653773141337321,"inference/bin_infeasible/infeas_prec":1,"inference/infeasibility_f1":0.012790697674418604,"inference/mu_traj_nonconv_step17":0.5264210250036558,"inference/feasible_conv_rate":0,"inference/mu_traj_nonconv_step5":0.0061629690427253084,"inference/reject_residual_mse@cov50":0.019109564406747288,"_step":0,"inference/reject_mu_mse@cov70":0.016801984112065,"inference/total_time_s":4.939909934997559,"inference/reject_residual_mse@cov80":0.017014114608784683,"inference/mu_traj_nonconv_step4":0.0036288439223608293,"inference/mu_traj_nonconv_step12":0.062156409202270876,"inference/state_mse":0.01643348296622952,"inference/mu_traj_nonconv_step0":0.0010000000474974513,"_wandb":{"runtime":7},"inference/bin_infeasible/infeas_rec":0.006462984723854289,"inference/reject_mu_mse@cov100":0.01643348296622952,"inference/max_vm_error_p95":0.37858209013938904,"inference/reject_residual_mse@cov95":0.016399046546012794,"inference/spearman_mu_vs_error":-0.0054884323924300205,"inference/mu_traj_nonconv_step2":0.0010086250479071168,"inference/mu_traj_nonconv_step1":0.0005592500265629496,"inference/bin_moderate/infeas_rec":0,"inference/spearman_residual_vs_error":-0.2995833398517962,"inference/mu_final_bin_moderate":4.571600217139348,"inference/reject_mu_mse@cov95":0.01657040380500915,"inference/mu_traj_nonconv_step16":0.31266851485095687,"inference/feasibility_ece":0.31799514812231067,"inference/max_vm_error_mean":0.24845743419339994,"inference/mean_iters":20,"inference/bin_infeasible/conv_rate":0,"inference/reject_mu_mse@cov80":0.01634543713088296,"inference/bin_moderate/max_vm_error":0.1606009781360626,"inference/mu_traj_nonconv_step8":0.018359260637643048,"inference/infeasibility_auroc":0.9024519120813256,"inference/reject_residual_mse@cov90":0.01652803015026417,"inference/bin_moderate/count":20,"inference/reject_mu_auroc_hard_detect":0.6372685915048871,"inference/per_sample_time_s":0.0024699549674987793,"inference/mu_traj_nonconv_step13":0.08589181657964218,"inference/bin_moderate/conv_rate":0,"inference/mu_traj_nonconv_step10":0.03781204085847548,"inference/bin_easy/count":278,"inference/bin_infeasible/mean_residual":0.1905232925979217,"inference/infeasibility_precision":0.6111111111111112,"inference/infeasibility_recall":0.006462984723854289,"inference/bin_easy/state_mse":0.01663076139068593,"inference/mu_traj_nonconv_step7":0.01283007092189564,"inference/bin_easy/max_vm_error":0.25477804254284864,"inference/mu_final_bin_infeasible":1.5323878518679452,"inference/bin_infeasible/count":1702,"inference/mu_traj_nonconv_step14":0.12845463110126729,"inference/mu_traj_nonconv_step19":1.7651930838421686,"inference/bin_moderate/mean_residual":0.121720090508461,"_timestamp":1.7755609615577195e+09,"inference/bin_easy/infeas_prec":0,"inference/mu_traj_nonconv_step3":0.0019505000926437787,"inference/reject_residual_mse@cov100":0.01643348296622952,"inference/mu_traj_nonconv_step6":0.009144297309330796,"inference/bin_infeasible/infeas_f1":0.01284296555750146,"inference/mu_final_bin_easy":2.9885972642529044,"inference/mu_traj_nonconv_step18":0.9674245459501981,"inference/reject_residual_auroc_hard_detect":0.33588577091122024,"inference/bin_moderate/infeas_prec":0,"inference/reject_mu_mse@cov90":0.01654781145912442,"inference/bin_moderate/infeas_f1":0,"inference/bin_moderate/state_mse":0.013691312866285443,"inference/mu_growth_rate_nonconv":512,"inference/reject_residual_mse@cov70":0.017382329996997632,"_runtime":7,"inference/bin_easy/infeas_f1":0,"inference/max_vm_error_worst":0.4801965355873108,"inference/bin_easy/conv_rate":0,"inference/bin_easy/infeas_rec":0,"inference/mu_traj_nonconv_step9":0.026559020792735737,"inference/total_samples":2000,"inference/mu_traj_nonconv_step15":0.19245050914090825,"inference/mu_traj_nonconv_step11":0.051114643052815156}