{"inference/mu_traj_nonconv_step4":0.0017947302377675953,"inference/feasibility_ece":4.795462169174814e-07,"_wandb":{"runtime":68},"inference/reject_residual_mse@cov100":0.02294119782481367,"inference/reject_residual_mse@cov80":0.02082633264330652,"inference/mu_traj_nonconv_step2":0.0006267599046228403,"inference/bin_moderate/infeas_rec":0,"inference/max_vm_error_worst":0.48421424627304077,"inference/reject_mu_mse@cov70":0.0211121310238912,"inference/bin_moderate/infeas_f1":0,"inference/mu_traj_nonconv_step15":0.20246851162710267,"inference/bin_easy/infeas_rec":0,"inference/max_vm_error_p95":0.38338618278503417,"inference/mean_iters":20,"inference/per_sample_time_s":0.003215965291011941,"_timestamp":1.7755608797558286e+09,"inference/mu_traj_nonconv_step7":0.007670560041199458,"inference/mu_growth_rate_nonconv":512,"inference/mu_traj_nonconv_step18":0.7686947995752866,"inference/infeasibility_precision":0.5909090909090909,"inference/mu_traj_nonconv_step11":0.05269753231928087,"inference/infeasibility_recall":0.006454015142112449,"inference/state_mse":0.02294119782481367,"inference/reject_residual_auroc_hard_detect":0.8256279900384434,"inference/reject_mu_mse@cov50":0.020776641986389795,"inference/bin_easy/conv_rate":0,"inference/reject_mu_mse@cov80":0.021625503184318464,"inference/reject_residual_mse@cov95":0.022945773453649194,"inference/bin_moderate/infeas_prec":0,"inference/mu_traj_nonconv_step0":0.0010000000474974513,"inference/reject_mu_mse@cov95":0.022720839701562807,"inference/bin_moderate/mean_residual":0.043344302772433604,"inference/mu_traj_nonconv_step8":0.012608562878890216,"inference/mu_traj_nonconv_step16":0.315553249805903,"inference/reject_mu_mse@cov100":0.02294119782481367,"inference/mu_traj_nonconv_step12":0.07345373335036648,"inference/mu_traj_nonconv_step3":0.001024516083077231,"inference/bin_easy/max_vm_error":0.24028382186113065,"inference/mu_traj_nonconv_step9":0.02116414447170748,"inference/convergence_rate":0,"inference/bin_easy/mean_residual":0.007442034770205866,"inference/bin_moderate/conv_rate":0,"inference/bin_infeasible/count":8057,"inference/mu_traj_nonconv_step1":0.0005103637317106663,"inference/reject_residual_mse@cov70":0.01797614466737721,"inference/mu_final_bin_moderate":2.660887538972783,"inference/bin_moderate/max_vm_error":0.28841356514217137,"inference/total_samples":15342,"inference/mu_final_bin_easy":0.6302436361261037,"inference/max_vm_error_mean":0.2450076058619466,"inference/bin_easy/count":6570,"inference/mu_traj_nonconv_step14":0.13624324895803444,"inference/spearman_residual_vs_error":0.6093773876859505,"inference/bin_infeasible/mean_residual":0.39930212954067335,"inference/feasible_conv_rate":0,"inference/bin_infeasible/infeas_rec":0.006454015142112449,"inference/bin_infeasible/conv_rate":0,"inference/reject_mu_auroc_hard_detect":0.6622880226014761,"_step":0,"inference/reject_residual_mse@cov90":0.022587720903238327,"inference/bin_easy/infeas_f1":0,"inference/total_time_s":49.3393394947052,"inference/mu_traj_nonconv_step17":0.48625529534466855,"inference/spearman_mu_vs_error":0.10289062691637318,"inference/reject_mu_mse@cov90":0.022379466284173796,"inference/bin_easy/infeas_prec":0,"inference/bin_moderate/state_mse":0.028988145453809806,"inference/bin_moderate/count":715,"inference/mu_final_bin_infeasible":1.6857689766813682,"inference/mu_traj_nonconv_step13":0.09893938122608258,"inference/reject_residual_mse@cov50":0.012044943956569255,"inference/mu_traj_nonconv_step6":0.004940913047547406,"inference/bin_infeasible/infeas_prec":1,"inference/bin_infeasible/infeas_f1":0.012825255888518931,"inference/mu_traj_nonconv_step10":0.034553978011239495,"_runtime":68,"inference/infeasibility_auroc":1,"inference/mu_traj_nonconv_step5":0.0030697962936369807,"inference/bin_easy/state_mse":0.022283120571429765,"inference/mu_traj_nonconv_step19":1.2791993172230365,"inference/infeasibility_f1":0.012768569674647024}