{"inference/bin_infeasible/infeas_prec":1,"inference/reject_residual_mse@cov50":0.018129301859040887,"inference/mu_traj_nonconv_step1":0.0005720000271685422,"inference/reject_mu_mse@cov90":0.015813313924999378,"inference/reject_mu_mse@cov80":0.0160163312763007,"inference/infeasibility_auroc":0.8427432392999945,"inference/reject_residual_mse@cov70":0.016564968353262745,"inference/mu_traj_nonconv_step5":0.006018031535841146,"inference/mu_final_bin_easy":2.7431584036743213,"inference/reject_mu_auroc_hard_detect":0.5796135309220305,"inference/bin_easy/max_vm_error":0.24979547245039357,"inference/state_mse":0.015503610523367588,"inference/mu_traj_nonconv_step11":0.05124668993408704,"inference/reject_mu_mse@cov95":0.015636598632108197,"inference/reject_mu_mse@cov70":0.015986849166578256,"inference/mu_traj_nonconv_step16":0.3241041403941199,"inference/bin_easy/conv_rate":0,"inference/total_samples":2000,"inference/bin_infeasible/infeas_f1":0.024376088218224026,"_timestamp":1.7755607991208792e+09,"inference/max_vm_error_mean":0.2440095679871988,"inference/mu_traj_nonconv_step18":1.0759270511037904,"inference/mu_traj_nonconv_step6":0.009262000439921394,"inference/per_sample_time_s":0.0023979121446609498,"inference/mu_growth_rate_nonconv":512,"inference/mu_traj_nonconv_step14":0.12125003700906746,"inference/mu_traj_nonconv_step7":0.013259738911053774,"inference/bin_moderate/infeas_rec":0,"inference/bin_easy/count":278,"inference/reject_residual_auroc_hard_detect":0.30660781045898833,"inference/mu_traj_nonconv_step12":0.06464790932061078,"inference/bin_easy/state_mse":0.01579787308289904,"inference/mean_iters":20,"inference/reject_residual_mse@cov100":0.015503610523367588,"inference/mu_traj_nonconv_step2":0.00106037505036511,"inference/mu_traj_nonconv_step13":0.08437451963257445,"inference/bin_moderate/count":20,"inference/reject_mu_mse@cov50":0.01633703293928864,"inference/spearman_residual_vs_error":-0.3126329624724722,"inference/feasibility_ece":0.5525007158387453,"_runtime":7,"inference/bin_moderate/mean_residual":0.12330382764339447,"inference/max_vm_error_worst":0.48848408460617065,"inference/infeasibility_precision":0.7,"_wandb":{"runtime":7},"inference/mu_traj_nonconv_step10":0.038255314317029845,"inference/infeasibility_recall":0.012338425381903642,"inference/bin_moderate/conv_rate":0,"inference/infeasibility_f1":0.024249422632794455,"inference/feasible_conv_rate":0,"inference/bin_infeasible/mean_residual":0.19505710040517896,"inference/bin_infeasible/infeas_rec":0.012338425381903642,"inference/convergence_rate":0,"inference/bin_moderate/max_vm_error":0.16358549594879152,"inference/bin_easy/infeas_f1":0,"inference/mu_traj_nonconv_step15":0.19146257159398375,"inference/reject_residual_mse@cov95":0.015396468069851925,"inference/bin_moderate/infeas_prec":0,"inference/reject_residual_mse@cov90":0.015628457376941927,"inference/mu_traj_nonconv_step17":0.5809122775918513,"inference/mu_final_bin_moderate":3.675200174562633,"inference/mu_traj_nonconv_step9":0.02683015752436404,"inference/reject_mu_mse@cov100":0.015503610523367588,"inference/bin_moderate/state_mse":0.011413360945880413,"inference/mu_traj_nonconv_step8":0.01862347744706767,"inference/mu_traj_nonconv_step0":0.0010000000474974513,"inference/bin_easy/infeas_rec":0,"inference/bin_infeasible/conv_rate":0,"inference/mu_traj_nonconv_step3":0.001966062593382958,"inference/bin_easy/mean_residual":0.0785387115244814,"inference/reject_residual_mse@cov80":0.01609564708162318,"inference/bin_moderate/infeas_f1":0,"inference/bin_easy/infeas_prec":0,"inference/max_vm_error_p95":0.37196339666843414,"inference/mu_traj_nonconv_step4":0.0034964689160733543,"inference/mu_traj_nonconv_step19":1.9167620910413097,"_step":0,"inference/spearman_mu_vs_error":-0.09940009735749444,"inference/total_time_s":4.795824289321899,"inference/bin_infeasible/count":1702,"inference/mu_final_bin_infeasible":1.7611175924617541}