{"inference/total_time_s":41.24976420402527,"inference/reject_residual_auroc_hard_detect":0.7656038920693762,"inference/reject_residual_mse@cov80":0.022741939376228083,"inference/total_samples":12925,"inference/reject_residual_mse@cov70":0.021295092497056616,"inference/bin_easy/state_mse":0.022424234210822104,"inference/mu_final_bin_infeasible":1.6857794051907355,"inference/mu_traj_nonconv_step3":0.0010111025625315622,"inference/bin_easy/conv_rate":0,"inference/mu_final_bin_moderate":2.493294843195787,"_timestamp":1.7755607086765862e+09,"inference/bin_infeasible/infeas_f1":1,"inference/mu_traj_nonconv_step18":0.7863395314255243,"inference/reject_mu_mse@cov80":0.022297757506411733,"inference/mu_traj_nonconv_step7":0.007777936176975648,"inference/bin_easy/infeas_f1":0,"inference/bin_easy/mean_residual":0.010457435449426795,"_wandb":{"runtime":57},"inference/max_vm_error_p95":0.3834918975830077,"inference/bin_easy/infeas_prec":0,"inference/infeasibility_precision":1,"inference/bin_infeasible/mean_residual":0.368584676232163,"inference/reject_mu_mse@cov70":0.021602004411720846,"inference/per_sample_time_s":0.0031914711182998274,"_step":0,"inference/reject_mu_mse@cov95":0.023179798365637966,"inference/bin_infeasible/conv_rate":0,"inference/bin_easy/max_vm_error":0.24613064580022337,"inference/convergence_rate":0,"inference/mean_iters":20,"inference/bin_infeasible/infeas_prec":1,"inference/bin_infeasible/infeas_rec":1,"inference/spearman_residual_vs_error":0.5027306988800073,"inference/bin_moderate/max_vm_error":0.283884566083596,"inference/bin_moderate/conv_rate":0,"inference/feasible_conv_rate":0,"inference/bin_moderate/infeas_f1":0,"inference/reject_mu_mse@cov90":0.02290659054097812,"inference/mu_traj_nonconv_step10":0.034213640784272456,"inference/bin_easy/infeas_rec":0,"inference/mu_growth_rate_nonconv":512,"inference/mu_traj_nonconv_step15":0.19112633663634276,"inference/reject_residual_mse@cov100":0.023341296248559393,"inference/bin_moderate/count":1308,"inference/max_vm_error_worst":0.5032482147216797,"inference/mu_traj_nonconv_step1":0.0005102127901912528,"inference/mu_traj_nonconv_step19":1.3255258354445891,"inference/bin_moderate/infeas_prec":0,"inference/mu_traj_nonconv_step5":0.002993692115113435,"inference/reject_residual_mse@cov50":0.013820742601806291,"inference/reject_residual_mse@cov90":0.023399915262042242,"inference/mu_traj_nonconv_step6":0.0048907086462226836,"inference/reject_mu_auroc_hard_detect":0.6890863432462526,"inference/mu_traj_nonconv_step14":0.12863433307501665,"_runtime":57,"inference/bin_infeasible/count":5601,"inference/mu_traj_nonconv_step9":0.021565643704438787,"inference/infeasibility_f1":1,"inference/mu_traj_nonconv_step0":0.0010000000474974513,"inference/reject_residual_mse@cov95":0.023363291309614224,"inference/reject_mu_mse@cov50":0.020613546491317195,"inference/bin_moderate/state_mse":0.027559220727938243,"inference/mu_final_bin_easy":0.7362269480963953,"inference/feasibility_ece":1.2864247203417854e-06,"inference/max_vm_error_mean":0.2528731536826171,"inference/spearman_mu_vs_error":0.15149292211898024,"inference/mu_traj_nonconv_step11":0.051341412390834666,"inference/mu_traj_nonconv_step2":0.0006237524474216211,"inference/mu_traj_nonconv_step8":0.012842402689285043,"inference/infeasibility_recall":1,"inference/mu_traj_nonconv_step12":0.06944870224160646,"inference/state_mse":0.023341296248559393,"inference/infeasibility_auroc":1,"inference/reject_mu_mse@cov100":0.023341296248559393,"inference/mu_traj_nonconv_step13":0.09262120525003258,"inference/bin_easy/count":6016,"inference/bin_moderate/infeas_rec":0,"inference/mu_traj_nonconv_step4":0.0017512331586143107,"inference/bin_moderate/mean_residual":0.04108160519716116,"inference/mu_traj_nonconv_step17":0.4841908127101109,"inference/mu_traj_nonconv_step16":0.3027279859999386}