{"inference/reject_mu_mse@cov90":0.02227939070104471,"inference/mu_growth_rate_nonconv":512,"inference/bin_infeasible/infeas_prec":1,"inference/mean_iters":20,"inference/bin_easy/infeas_rec":0,"inference/reject_residual_mse@cov50":0.011960262976185694,"inference/reject_mu_mse@cov80":0.021634987763178574,"inference/state_mse":0.022945890575837118,"inference/bin_easy/max_vm_error":0.2402930146392259,"inference/max_vm_error_mean":0.2450286105551291,"inference/mu_traj_nonconv_step18":0.7668543861559795,"inference/reject_mu_mse@cov70":0.021088515072587133,"inference/bin_infeasible/infeas_f1":1,"_wandb":{"runtime":67},"inference/infeasibility_recall":1,"inference/bin_easy/infeas_f1":0,"inference/reject_residual_mse@cov70":0.017979123390197953,"inference/mu_traj_nonconv_step2":0.0006267599046228403,"inference/reject_residual_auroc_hard_detect":0.8268962479553892,"inference/spearman_residual_vs_error":0.6107128553905703,"inference/bin_moderate/mean_residual":0.04334390299928772,"inference/bin_moderate/conv_rate":0,"inference/spearman_mu_vs_error":0.10444652355802819,"inference/mu_traj_nonconv_step5":0.0030691668939199523,"inference/mu_final_bin_infeasible":1.6856796133905405,"inference/bin_infeasible/conv_rate":0,"inference/mu_final_bin_easy":0.6267491914413622,"inference/bin_easy/conv_rate":0,"inference/feasible_conv_rate":0,"inference/reject_residual_mse@cov80":0.020828936125988115,"inference/mu_traj_nonconv_step4":0.001794656909645223,"inference/reject_residual_mse@cov90":0.02258994278560348,"inference/bin_easy/count":6570,"inference/feasibility_ece":4.7954621093365e-07,"inference/bin_easy/infeas_prec":0,"inference/max_vm_error_p95":0.3834404230117797,"inference/mu_traj_nonconv_step19":1.277523233892333,"inference/mu_traj_nonconv_step11":0.0526931365465909,"inference/mu_traj_nonconv_step10":0.034546531196687026,"inference/reject_mu_mse@cov50":0.020608719885040656,"_step":0,"inference/mu_traj_nonconv_step1":0.0005103637317106663,"_runtime":67,"inference/mu_traj_nonconv_step6":0.004940491410843766,"inference/reject_mu_mse@cov95":0.022674936120226495,"inference/mu_traj_nonconv_step3":0.001024516083077231,"inference/total_time_s":48.64196276664734,"inference/bin_moderate/count":715,"inference/mu_traj_nonconv_step13":0.0989446322309654,"inference/mu_traj_nonconv_step9":0.021160091183359896,"inference/infeasibility_precision":1,"inference/mu_traj_nonconv_step12":0.0734522854063876,"inference/bin_moderate/state_mse":0.029015696375513565,"inference/mu_traj_nonconv_step15":0.20246989610716704,"inference/per_sample_time_s":0.003170509892233564,"inference/infeasibility_f1":1,"inference/bin_infeasible/mean_residual":0.39929559348301125,"inference/max_vm_error_worst":0.48421430587768555,"inference/bin_moderate/infeas_rec":0,"inference/bin_infeasible/count":8057,"inference/mu_traj_nonconv_step7":0.007671131389486274,"inference/reject_residual_mse@cov100":0.022945890575837118,"inference/bin_easy/mean_residual":0.007442141871451424,"inference/mu_traj_nonconv_step8":0.012609329005002085,"inference/mu_traj_nonconv_step0":0.0010000000474974513,"inference/reject_mu_auroc_hard_detect":0.6610407176589709,"inference/mu_traj_nonconv_step14":0.13626223870989962,"inference/convergence_rate":0,"inference/reject_residual_mse@cov95":0.022947878029745128,"inference/reject_mu_mse@cov100":0.022945890575837118,"inference/mu_traj_nonconv_step17":0.4854959346352731,"inference/bin_moderate/infeas_f1":0,"inference/bin_easy/state_mse":0.022285325713315252,"inference/mu_final_bin_moderate":2.6580400300962745,"inference/bin_moderate/max_vm_error":0.28854310729286886,"_timestamp":1.7755607170344095e+09,"inference/infeasibility_auroc":1,"inference/bin_moderate/infeas_prec":0,"inference/mu_traj_nonconv_step16":0.3154634576701462,"inference/total_samples":15342,"inference/bin_infeasible/infeas_rec":1}