{"inference/bin_infeasible/infeas_prec":1,"inference/feasible_conv_rate":0,"_runtime":66,"inference/bin_moderate/conv_rate":0,"_step":0,"inference/spearman_mu_vs_error":-0.10014998491561422,"inference/bin_easy/count":6131,"inference/reject_mu_mse@cov100":0.029292039001889602,"inference/mu_traj_nonconv_step3":0.0013967836256766897,"inference/infeasibility_recall":1,"inference/mu_traj_nonconv_step12":0.14617529329061868,"inference/spearman_residual_vs_error":-0.46017759483332776,"inference/mu_traj_nonconv_step5":0.004104335820715935,"_wandb":{"runtime":66},"inference/reject_mu_mse@cov70":0.02965194140080301,"inference/infeasibility_auroc":1,"inference/mu_traj_nonconv_step14":0.2696843321700289,"inference/total_time_s":48.343778133392334,"inference/mu_traj_nonconv_step10":0.05826909968713742,"inference/bin_moderate/state_mse":0.0224180883142223,"inference/reject_residual_mse@cov95":0.029246597806856282,"inference/bin_infeasible/infeas_rec":1,"inference/mean_iters":20,"inference/mu_traj_nonconv_step6":0.006784210485731038,"inference/reject_residual_auroc_hard_detect":0.26905967145523235,"inference/bin_moderate/mean_residual":0.07732743973755718,"inference/mu_traj_nonconv_step0":0.0010000000474974513,"inference/state_mse":0.029292039001889602,"inference/reject_residual_mse@cov80":0.031178070373660532,"inference/mu_final_bin_easy":2.5622677183029787,"inference/mu_traj_nonconv_step8":0.01934033431209932,"inference/per_sample_time_s":0.0031365586280018383,"inference/convergence_rate":0,"inference/reject_residual_mse@cov90":0.029901178948944833,"inference/mu_final_bin_infeasible":2.3093894113245783,"inference/mu_traj_nonconv_step16":0.5646748888644525,"inference/reject_residual_mse@cov70":0.0325951977570368,"inference/mu_final_bin_moderate":2.737238935982016,"inference/max_vm_error_worst":0.559999942779541,"inference/reject_mu_mse@cov90":0.029466193802261228,"inference/mu_traj_nonconv_step19":2.443456979404864,"inference/infeasibility_precision":1,"inference/bin_easy/conv_rate":0,"inference/mu_traj_nonconv_step15":0.36690967745230585,"inference/reject_mu_mse@cov80":0.029448631266893684,"inference/mu_traj_nonconv_step13":0.20445917038455388,"inference/bin_easy/infeas_f1":0,"inference/reject_mu_mse@cov50":0.030037717124451798,"inference/bin_moderate/max_vm_error":0.2638649587113268,"inference/bin_infeasible/mean_residual":0.6513318513059244,"inference/infeasibility_f1":1,"inference/bin_moderate/infeas_rec":0,"inference/feasibility_ece":1.3179600780555402e-08,"inference/mu_traj_nonconv_step1":0.0005110945548667471,"inference/bin_infeasible/conv_rate":0,"inference/bin_moderate/infeas_prec":0,"inference/mu_traj_nonconv_step7":0.011177937276690067,"_timestamp":1.775560718594838e+09,"inference/total_samples":15413,"inference/max_vm_error_p95":0.4155554175376892,"inference/bin_easy/mean_residual":0.058027820912912996,"inference/bin_moderate/count":1206,"inference/bin_easy/infeas_prec":0,"inference/reject_residual_mse@cov50":0.03484990546909428,"inference/bin_easy/infeas_rec":0,"inference/bin_easy/max_vm_error":0.3144362304712699,"inference/reject_residual_mse@cov100":0.029292039001889602,"inference/bin_infeasible/count":8076,"inference/max_vm_error_mean":0.30612371122055554,"inference/mu_traj_nonconv_step9":0.03377051632271674,"inference/bin_moderate/infeas_f1":0,"inference/bin_easy/state_mse":0.030644181316247254,"inference/mu_traj_nonconv_step11":0.09551604466928647,"inference/reject_mu_auroc_hard_detect":0.5226965709042694,"inference/mu_traj_nonconv_step4":0.002436048419086349,"inference/reject_mu_mse@cov95":0.029391734925141477,"inference/bin_infeasible/infeas_f1":1,"inference/mu_traj_nonconv_step2":0.0007832674089024188,"inference/mu_traj_nonconv_step18":1.466531316932031,"inference/mu_traj_nonconv_step17":0.9080306617184093,"inference/mu_growth_rate_nonconv":512}