{"inference/bin_easy/count":21640,"inference/feasible_conv_rate":0,"inference/bin_easy/infeas_rec":0,"inference/reject_mu_auroc_hard_detect":0.5800169855955476,"inference/mu_traj_nonconv_step15":0.10913766518306316,"inference/mu_traj_nonconv_step8":0.007015067297483516,"inference/convergence_rate":0,"inference/mean_iters":20,"inference/mu_traj_nonconv_step13":0.048547959128896895,"inference/reject_mu_mse@cov100":3.2000590734619196e-11,"inference/mu_traj_nonconv_step18":0.535728480706296,"inference/reject_mu_mse@cov70":4.540123889001304e-11,"_runtime":159,"inference/bin_easy/mean_residual":1.8489919454920445e-06,"inference/mu_traj_nonconv_step1":0.0005108860132767714,"inference/mu_traj_nonconv_step12":0.03409933464287038,"inference/mu_traj_nonconv_step16":0.1818870127788283,"_wandb":{"runtime":159},"inference/mu_final_bin_infeasible":0.7519271674552132,"inference/reject_residual_mse@cov95":3.3603232354724254e-11,"inference/total_time_s":106.159592628479,"inference/bin_infeasible/infeas_rec":1,"inference/bin_infeasible/conv_rate":0,"inference/reject_mu_mse@cov90":3.544477450542172e-11,"inference/mu_traj_nonconv_step19":0.9734967302186939,"inference/mu_traj_nonconv_step3":0.0006943252390226337,"inference/bin_moderate/max_vm_error":9.157883575539183e-06,"inference/bin_easy/infeas_prec":0,"inference/infeasibility_precision":1,"inference/reject_residual_auroc_hard_detect":0.7712466551599454,"inference/infeasibility_recall":1,"inference/mu_traj_nonconv_step4":0.0011177241258912426,"inference/reject_residual_mse@cov70":4.3807794761998226e-11,"inference/mu_traj_nonconv_step9":0.010678927012845075,"inference/bin_easy/state_mse":3.233725057451586e-13,"inference/mu_final_bin_moderate":0.21155393161689953,"inference/reject_residual_mse@cov50":6.109371547361976e-11,"inference/max_vm_error_worst":0.001417398452758789,"inference/mu_growth_rate_nonconv":128,"inference/reject_mu_mse@cov80":3.981734489317683e-11,"inference/bin_infeasible/infeas_prec":1,"inference/spearman_residual_vs_error":0.521766930888889,"inference/mu_traj_nonconv_step5":0.0017295931453380755,"inference/mu_traj_nonconv_step17":0.3016948089028365,"inference/max_vm_error_p95":1.2516975402832031e-06,"inference/bin_moderate/mean_residual":2.613035487193687e-06,"inference/bin_moderate/infeas_prec":0,"inference/reject_residual_mse@cov100":3.2000590734619196e-11,"inference/total_samples":43680,"inference/bin_easy/conv_rate":0,"inference/mu_traj_nonconv_step11":0.02473309768945041,"inference/bin_infeasible/infeas_f1":1,"inference/max_vm_error_mean":5.777815595686105e-07,"inference/reject_residual_mse@cov80":3.932606738481082e-11,"inference/infeasibility_auroc":1,"inference/spearman_mu_vs_error":-0.04106057545367592,"inference/state_mse":3.2000590734619196e-11,"inference/bin_moderate/infeas_f1":0,"inference/per_sample_time_s":0.002430393604131845,"inference/mu_traj_nonconv_step0":0.0010000000474974513,"_timestamp":1.7756160335702927e+09,"inference/feasibility_ece":5.006077438629753e-06,"inference/mu_traj_nonconv_step6":0.00279027421391827,"inference/mu_traj_nonconv_step10":0.016311785925652494,"inference/bin_easy/infeas_f1":0,"inference/reject_residual_mse@cov90":3.5116681143540924e-11,"inference/mu_traj_nonconv_step7":0.004481632252701265,"inference/mu_traj_nonconv_step2":0.0004799107370802501,"inference/bin_moderate/conv_rate":0,"inference/bin_infeasible/mean_residual":0.16514759062003237,"inference/bin_infeasible/count":21734,"inference/mu_traj_nonconv_step14":0.06927089037582224,"inference/bin_moderate/count":306,"inference/infeasibility_f1":1,"inference/reject_mu_mse@cov95":3.3608706574278396e-11,"inference/bin_moderate/infeas_rec":0,"inference/bin_easy/max_vm_error":4.5645479353871233e-07,"inference/reject_mu_mse@cov50":6.338488413631041e-11,"inference/mu_final_bin_easy":1.2068029859244995,"_step":0,"inference/bin_moderate/state_mse":2.272180337377868e-09}