{"baseline/convergence_rate":0,"_wandb":{"runtime":128},"_runtime":128,"_step":0,"baseline/bin_moderate/max_vm_error":0.32757726977136564,"baseline/bin_easy/count":18717,"baseline/per_sample_time_s":0.0005574207548256759,"baseline/total_time_s":24.348138570785522,"_timestamp":1.7755593692577338e+09,"baseline/max_vm_error_mean":0.28949304251361,"baseline/bin_moderate/mean_residual":0.11355866635660705,"baseline/max_vm_error_p95":0.4825173616409302,"baseline/total_samples":43680,"baseline/bin_moderate/count":3229,"baseline/bin_infeasible/mean_residual":0.847400439549534,"baseline/bin_infeasible/count":21734,"baseline/state_mse":0.03328242347228522,"baseline/mean_iters":5,"baseline/bin_infeasible/conv_rate":0,"baseline/bin_moderate/state_mse":0.04181742717980786,"baseline/bin_easy/conv_rate":0,"baseline/feasible_conv_rate":0,"baseline/bin_moderate/conv_rate":0,"baseline/bin_easy/mean_residual":0.059614186121379045,"baseline/bin_easy/state_mse":0.03180999055186044,"baseline/max_vm_error_worst":0.559999942779541,"baseline/bin_easy/max_vm_error":0.28292286728171956}