{"inference/per_sample_time_s":0.0031136701231474404,"inference/bin_infeasible/infeas_f1":1,"inference/bin_moderate/state_mse":0.02696948745490573,"inference/bin_easy/infeas_prec":0,"inference/mu_traj_nonconv_step0":0.0010000000474974513,"inference/mu_final_bin_easy":0.0034731845319533007,"inference/reject_mu_mse@cov80":0.02558915608370856,"inference/mu_traj_nonconv_step8":0.015052783649807423,"inference/spearman_residual_vs_error":0.40960044635033344,"inference/bin_infeasible/infeas_rec":1,"inference/mu_traj_nonconv_step2":0.0006810954993832658,"inference/bin_moderate/infeas_prec":0,"inference/total_samples":43680,"_step":0,"inference/reject_residual_mse@cov80":0.025538895723537958,"inference/mu_traj_nonconv_step1":0.0005105769473280256,"inference/mu_traj_nonconv_step3":0.0011519059613060013,"inference/state_mse":0.026451876514624082,"inference/bin_easy/infeas_f1":0,"inference/feasible_conv_rate":0,"inference/reject_residual_auroc_hard_detect":0.6813394789588545,"inference/convergence_rate":0,"inference/bin_easy/max_vm_error":0.27196066409927433,"inference/bin_easy/conv_rate":0,"inference/reject_residual_mse@cov95":0.02591977968935574,"inference/mu_traj_nonconv_step6":0.005576408231898133,"inference/reject_mu_mse@cov50":0.023844872876441447,"inference/bin_infeasible/count":21734,"inference/reject_mu_mse@cov70":0.025093482230814108,"inference/bin_moderate/max_vm_error":0.28352683127277145,"inference/infeasibility_auroc":1,"inference/bin_moderate/count":3229,"inference/infeasibility_f1":1,"inference/mu_traj_nonconv_step5":0.0034122297293799,"inference/bin_easy/mean_residual":0.03520492558167672,"inference/reject_residual_mse@cov90":0.025813700961162242,"inference/bin_easy/state_mse":0.026362579847093524,"inference/spearman_mu_vs_error":0.1267970968106057,"inference/feasibility_ece":5.537405308828025e-07,"inference/mu_growth_rate_nonconv":8,"inference/mu_final_bin_moderate":0.006532690505586537,"inference/infeasibility_recall":1,"inference/reject_mu_mse@cov90":0.025946271842608802,"inference/reject_mu_auroc_hard_detect":0.671312398163395,"inference/max_vm_error_p95":0.4285856783390045,"inference/bin_infeasible/infeas_prec":1,"inference/total_time_s":136.0051109790802,"inference/reject_residual_mse@cov50":0.020592931278844283,"inference/infeasibility_precision":1,"inference/reject_mu_mse@cov100":0.026451876514624082,"inference/max_vm_error_worst":0.559999942779541,"inference/mu_final_bin_infeasible":0.04774651694530164,"inference/max_vm_error_mean":0.27366243908347293,"inference/mean_iters":10,"inference/reject_mu_mse@cov95":0.026055754620709023,"inference/bin_moderate/conv_rate":0,"inference/bin_infeasible/mean_residual":1.110500351919472,"inference/bin_moderate/infeas_f1":0,"inference/bin_easy/count":18717,"inference/bin_moderate/infeas_rec":0,"inference/reject_residual_mse@cov70":0.024895411942138346,"inference/bin_infeasible/conv_rate":0,"inference/bin_easy/infeas_rec":0,"_timestamp":1.7755601002178817e+09,"inference/mu_traj_nonconv_step4":0.0020082075129671515,"inference/bin_moderate/mean_residual":0.06542617212213776,"inference/reject_residual_mse@cov100":0.026451876514624082,"inference/mu_traj_nonconv_step7":0.008940144118830469,"_wandb":{"runtime":196},"_runtime":196,"inference/mu_traj_nonconv_step9":0.02572858177235107}