{"inference/bin_moderate/mean_residual":2.4912315745686377e-06,"inference/reject_residual_mse@cov50":1.2407964795655604e-11,"inference/mu_final_bin_easy":1.0510851005638948,"inference/reject_mu_mse@cov50":1.593196230834716e-11,"inference/bin_easy/mean_residual":1.8339097223551648e-06,"inference/bin_easy/conv_rate":0,"inference/mu_traj_nonconv_step3":0.0006424855237465976,"inference/infeasibility_auroc":1,"inference/reject_mu_mse@cov95":8.682326467425548e-12,"inference/reject_residual_mse@cov80":8.100266987211977e-12,"inference/reject_mu_mse@cov70":1.1514434057626479e-11,"inference/mu_traj_nonconv_step8":0.00753661665390817,"inference/bin_easy/max_vm_error":5.220206482431559e-07,"inference/bin_infeasible/infeas_f1":1,"inference/reject_mu_mse@cov90":9.117519745759513e-12,"inference/feasibility_ece":0.00014134794996441898,"inference/mu_traj_nonconv_step4":0.0010637863174517012,"inference/max_vm_error_p95":1.4901161193847656e-06,"inference/mu_traj_nonconv_step12":0.03613803569026166,"inference/infeasibility_recall":1,"inference/mu_traj_nonconv_step5":0.0018197969916581521,"inference/total_samples":12925,"inference/bin_moderate/conv_rate":0,"inference/mu_traj_nonconv_step14":0.07637958142038846,"inference/mu_traj_nonconv_step1":0.0005146228484277987,"_wandb":{"runtime":49},"inference/mu_growth_rate_nonconv":128,"inference/reject_residual_mse@cov70":9.111897886260848e-12,"inference/spearman_mu_vs_error":-0.022392107130150052,"inference/bin_easy/infeas_prec":0,"inference/reject_residual_mse@cov100":8.36176347254093e-12,"inference/max_vm_error_mean":6.933312543684639e-07,"inference/mu_final_bin_moderate":0.11782158989855054,"inference/mu_traj_nonconv_step0":0.0010000000474974513,"inference/bin_easy/state_mse":4.63026870840185e-13,"inference/bin_infeasible/infeas_prec":1,"inference/bin_infeasible/conv_rate":0,"inference/reject_mu_mse@cov100":8.36176347254093e-12,"inference/mu_traj_nonconv_step6":0.0030580248067570816,"inference/mu_traj_nonconv_step10":0.01740256497370027,"inference/infeasibility_f1":0.9999107381951263,"inference/mu_traj_nonconv_step7":0.004906962878135917,"inference/mu_traj_nonconv_step2":0.000460812400997665,"inference/reject_residual_mse@cov95":8.704147039295764e-12,"inference/bin_easy/count":7109,"inference/mu_traj_nonconv_step13":0.05042757730904733,"inference/bin_moderate/infeas_prec":0,"inference/spearman_residual_vs_error":0.46917919808825315,"inference/mu_traj_nonconv_step19":0.9917982760730718,"inference/bin_infeasible/infeas_rec":1,"inference/convergence_rate":0,"_step":0,"inference/reject_residual_mse@cov90":9.126940034539385e-12,"inference/max_vm_error_worst":0.00033795833587646484,"inference/mu_final_bin_infeasible":0.9500976783623527,"inference/reject_residual_auroc_hard_detect":0.7458436252166627,"inference/bin_infeasible/mean_residual":0.16359248390553296,"inference/per_sample_time_s":0.0025345232685022707,"inference/bin_infeasible/count":5601,"inference/mu_traj_nonconv_step16":0.1883711244573026,"inference/bin_easy/infeas_f1":0,"inference/state_mse":8.36176347254093e-12,"inference/mu_traj_nonconv_step18":0.5410511611555132,"inference/bin_moderate/infeas_rec":0,"inference/mu_traj_nonconv_step17":0.3038808674618542,"inference/bin_easy/infeas_rec":0,"inference/mu_traj_nonconv_step9":0.01155535777805698,"inference/bin_moderate/infeas_f1":0,"inference/infeasibility_precision":0.99982149232417,"inference/reject_mu_auroc_hard_detect":0.584852743917262,"inference/feasible_conv_rate":0,"inference/total_time_s":32.758713245391846,"_timestamp":1.7756168763721905e+09,"inference/mu_traj_nonconv_step15":0.11953229487598005,"inference/mean_iters":20,"inference/bin_moderate/count":215,"inference/mu_traj_nonconv_step11":0.02609094032593106,"_runtime":49,"inference/bin_moderate/state_mse":2.6953440766552043e-10,"inference/bin_moderate/max_vm_error":6.357736365739689e-06,"inference/reject_mu_mse@cov80":1.0125430707434695e-11}