{"inference/mu_traj_nonconv_step0":0.0010000000474974513,"inference/reject_residual_mse@cov80":0.02540182091459347,"_timestamp":1.7755598109004042e+09,"inference/spearman_residual_vs_error":0.42927272656938464,"inference/convergence_rate":0,"inference/reject_residual_mse@cov100":0.02749411732515629,"_wandb":{"runtime":149},"inference/reject_residual_mse@cov90":0.02583168131141848,"inference/mu_growth_rate_nonconv":8,"inference/mu_traj_nonconv_step2":0.0008213427587919056,"inference/bin_moderate/mean_residual":0.07182307162034544,"inference/mu_final_bin_moderate":0.005491329450395216,"inference/bin_moderate/count":3229,"inference/spearman_mu_vs_error":0.11880050889355609,"inference/mu_traj_nonconv_step9":0.05074602506441045,"inference/mu_final_bin_infeasible":0.0977085488573419,"inference/bin_easy/infeas_f1":0,"inference/feasible_conv_rate":0,"inference/reject_mu_auroc_hard_detect":0.6754718500823986,"inference/infeasibility_auroc":1,"inference/bin_easy/count":18717,"inference/bin_infeasible/infeas_prec":1,"inference/bin_easy/infeas_rec":0,"inference/reject_mu_mse@cov80":0.026019634816527085,"inference/per_sample_time_s":0.0021828028090270886,"inference/max_vm_error_mean":0.2756367861453244,"inference/feasibility_ece":2.793791053827236e-07,"inference/bin_infeasible/infeas_f1":1,"inference/bin_infeasible/count":21734,"inference/mu_traj_nonconv_step5":0.0046969138563331845,"inference/bin_easy/infeas_prec":0,"inference/infeasibility_f1":1,"inference/mu_final_bin_easy":0.004020797732150099,"inference/reject_residual_auroc_hard_detect":0.6901970071788928,"inference/mu_traj_nonconv_step4":0.0025610492287861625,"inference/total_samples":43680,"inference/bin_infeasible/conv_rate":0,"inference/total_time_s":95.34482669830322,"_step":0,"inference/reject_mu_mse@cov70":0.025336108500615847,"inference/reject_residual_mse@cov95":0.026187818538047,"inference/reject_residual_mse@cov50":0.020621162514354377,"inference/mean_iters":10,"inference/mu_traj_nonconv_step6":0.008535173825728654,"inference/bin_moderate/infeas_prec":0,"inference/bin_easy/state_mse":0.02732401456403412,"inference/bin_moderate/conv_rate":0,"inference/mu_traj_nonconv_step8":0.02817732255229325,"inference/max_vm_error_worst":0.559999942779541,"inference/bin_easy/conv_rate":0,"inference/bin_moderate/infeas_rec":0,"inference/reject_mu_mse@cov100":0.02749411732515629,"inference/bin_moderate/max_vm_error":0.2870766116613646,"inference/bin_easy/mean_residual":0.040438832967228285,"inference/max_vm_error_p95":0.4456283450126648,"inference/infeasibility_recall":1,"inference/bin_infeasible/mean_residual":1.3542154134385986,"inference/mu_traj_nonconv_step1":0.0005701236534530455,"inference/bin_moderate/state_mse":0.02848012332699082,"inference/mu_traj_nonconv_step7":0.015466008311003908,"inference/bin_infeasible/infeas_rec":1,"inference/bin_easy/max_vm_error":0.2736632221878903,"inference/reject_mu_mse@cov95":0.02643803247758805,"inference/infeasibility_precision":1,"inference/bin_moderate/infeas_f1":0,"_runtime":149,"inference/state_mse":0.02749411732515629,"inference/reject_residual_mse@cov70":0.02475018932573845,"inference/reject_mu_mse@cov50":0.024272509449741426,"inference/reject_mu_mse@cov90":0.02638064565841094,"inference/mu_traj_nonconv_step3":0.0014121480753151894}