{"inference/bin_infeasible/infeas_f1":0.017472335468841,"inference/reject_residual_mse@cov50":0.01812929986357289,"inference/mu_growth_rate_nonconv":512,"inference/bin_moderate/count":20,"inference/bin_infeasible/infeas_prec":1,"inference/mu_traj_nonconv_step6":0.009262094189925846,"inference/reject_mu_mse@cov80":0.016019394011784566,"inference/infeasibility_recall":0.00881316098707403,"inference/mu_traj_nonconv_step7":0.013259926411062679,"inference/bin_moderate/infeas_prec":0,"inference/reject_residual_mse@cov95":0.015396482759573277,"inference/reject_mu_mse@cov70":0.016124919373676397,"inference/bin_easy/count":278,"inference/total_time_s":4.914874315261841,"inference/bin_infeasible/mean_residual":0.19505713013746062,"inference/mu_traj_nonconv_step9":0.026830907524399664,"inference/mu_traj_nonconv_step1":0.0005720000271685422,"inference/bin_infeasible/count":1702,"inference/bin_easy/state_mse":0.01579788593967318,"inference/bin_easy/infeas_f1":0,"inference/spearman_mu_vs_error":-0.10472959261987569,"inference/mu_traj_nonconv_step11":0.051249689934229535,"inference/bin_moderate/infeas_rec":0,"inference/reject_residual_mse@cov90":0.015628472829772744,"_runtime":7,"inference/bin_moderate/max_vm_error":0.16358549594879152,"inference/feasibility_ece":0.5525007156450301,"inference/mu_traj_nonconv_step10":0.03825681431710109,"inference/state_mse":0.01550362251727098,"inference/bin_infeasible/conv_rate":0,"_step":0,"inference/mu_traj_nonconv_step15":0.19152257159683359,"inference/mu_traj_nonconv_step2":0.00106037505036511,"inference/feasible_conv_rate":0,"inference/reject_residual_auroc_hard_detect":0.3066528534750687,"inference/bin_moderate/infeas_f1":0,"inference/mu_traj_nonconv_step12":0.06465390932089576,"inference/reject_mu_auroc_hard_detect":0.5770460790054502,"inference/bin_infeasible/infeas_rec":0.00881316098707403,"inference/reject_mu_mse@cov50":0.016306453875122254,"inference/mu_traj_nonconv_step5":0.006018078410843373,"inference/infeasibility_f1":0.017472335468841,"inference/mu_final_bin_infeasible":1.7611175924617541,"inference/per_sample_time_s":0.0024574371576309203,"inference/bin_easy/infeas_prec":0,"_timestamp":1.7755606397728193e+09,"inference/reject_mu_mse@cov100":0.01550362251727098,"inference/mu_traj_nonconv_step8":0.018623852447085483,"inference/max_vm_error_worst":0.48848408460617065,"inference/mean_iters":20,"inference/max_vm_error_mean":0.24400971379856135,"inference/bin_moderate/state_mse":0.011413360945880413,"inference/mu_traj_nonconv_step17":0.5811522776032507,"inference/reject_residual_mse@cov80":0.016095663965757966,"inference/mu_traj_nonconv_step16":0.3242241403998196,"inference/bin_easy/infeas_rec":0,"inference/bin_easy/max_vm_error":0.2497956287517822,"inference/mu_final_bin_moderate":3.675200174562633,"inference/mu_traj_nonconv_step19":1.9177220910869073,"inference/total_samples":2000,"_wandb":{"runtime":7},"inference/mu_traj_nonconv_step3":0.001966062593382958,"inference/convergence_rate":0,"inference/bin_moderate/conv_rate":0,"inference/infeasibility_auroc":0.8427432392999945,"inference/mu_traj_nonconv_step18":1.076407051126589,"inference/bin_easy/mean_residual":0.07853894838862283,"inference/bin_easy/conv_rate":0,"inference/reject_mu_mse@cov90":0.0157585329847035,"inference/max_vm_error_p95":0.37196339666843414,"inference/mu_traj_nonconv_step14":0.12127403701020739,"inference/infeasibility_precision":1,"inference/reject_mu_mse@cov95":0.01564307769105602,"inference/spearman_residual_vs_error":-0.31259986001742646,"inference/reject_residual_mse@cov70":0.016564989705399897,"inference/mu_traj_nonconv_step4":0.0034964689160733543,"inference/mu_traj_nonconv_step13":0.08438651963314442,"inference/mu_traj_nonconv_step0":0.0010000000474974513,"inference/bin_moderate/mean_residual":0.12330382764339447,"inference/reject_residual_mse@cov100":0.01550362251727098,"inference/mu_final_bin_easy":2.7500648788225055}