{"inference/bin_infeasible/infeas_f1":1,"inference/spearman_residual_vs_error":-0.25920010858706677,"inference/total_samples":43680,"inference/max_vm_error_mean":0.03189662950340708,"inference/bin_moderate/infeas_rec":0,"inference/reject_mu_mse@cov100":0.00026192428307278003,"inference/bin_easy/infeas_prec":0,"inference/bin_easy/infeas_rec":0,"inference/feasible_conv_rate":0,"inference/reject_mu_mse@cov90":0.0002614932315684134,"inference/reject_residual_auroc_hard_detect":0.35812141362963196,"inference/infeasibility_f1":1,"inference/feasibility_ece":2.7937921727843616e-07,"inference/reject_mu_mse@cov95":0.00026201564186954974,"inference/bin_infeasible/infeas_rec":1,"inference/mean_iters":0,"inference/bin_easy/count":18717,"inference/state_mse":0.00026192428307278003,"_step":0,"inference/bin_infeasible/conv_rate":0,"inference/per_sample_time_s":0.001163207267448579,"inference/reject_residual_mse@cov100":0.00026192428307278003,"inference/bin_moderate/max_vm_error":0.03915663749745624,"inference/bin_easy/max_vm_error":0.03064415497154916,"inference/infeasibility_recall":1,"inference/reject_mu_auroc_hard_detect":1,"inference/bin_easy/infeas_f1":0,"inference/reject_residual_mse@cov50":0.00029094583406992383,"inference/bin_easy/mean_residual":0.8183073403736003,"inference/bin_moderate/mean_residual":1.1229235886622966,"inference/max_vm_error_worst":0.4439835548400879,"inference/spearman_mu_vs_error":0.0041316885123874325,"inference/bin_moderate/conv_rate":0,"inference/bin_moderate/infeas_prec":0,"inference/infeasibility_auroc":1,"inference/reject_residual_mse@cov70":0.0002724946049581621,"inference/bin_easy/state_mse":0.00022696254971698877,"inference/bin_moderate/count":3229,"inference/reject_mu_mse@cov80":0.0002571239030922138,"inference/bin_infeasible/mean_residual":3.2624033221086584,"inference/bin_infeasible/infeas_prec":1,"inference/bin_infeasible/count":21734,"inference/bin_easy/conv_rate":0,"inference/reject_mu_mse@cov50":0.00026163920184139313,"inference/reject_residual_mse@cov90":0.000259139495126915,"inference/reject_residual_mse@cov80":0.00026694813710354274,"inference/bin_moderate/infeas_f1":0,"inference/bin_moderate/state_mse":0.0004645810694525711,"inference/max_vm_error_p95":0.07765176892280579,"inference/infeasibility_precision":1,"_timestamp":1.7755597599942198e+09,"inference/convergence_rate":0,"inference/reject_residual_mse@cov95":0.00025571601234965165,"inference/total_time_s":50.80889344215393,"_runtime":103,"_wandb":{"runtime":103},"inference/reject_mu_mse@cov70":0.0002573064458982483}