{"inference/reject_mu_mse@cov90":1.7040572642117625e-13,"inference/mu_traj_nonconv_step11":0.00881939226460176,"inference/bin_infeasible/infeas_prec":1,"inference/mu_traj_nonconv_step8":0.0038731388558392154,"inference/spearman_mu_vs_error":0.03205055123192169,"inference/mu_traj_nonconv_step13":0.020306255114885943,"inference/bin_easy/state_mse":1.7228361535263906e-13,"inference/bin_infeasible/count":881,"inference/mu_traj_nonconv_step7":0.0029681681097304138,"inference/mu_traj_nonconv_step15":0.060600160104915514,"inference/mu_final_bin_easy":0.5537481101609554,"inference/mu_traj_nonconv_step16":0.10871710867941033,"inference/reject_residual_mse@cov80":2.1356068342958185e-13,"inference/bin_infeasible/infeas_rec":0.16004540295119182,"inference/feasibility_ece":0.36069833719464145,"inference/mu_traj_nonconv_step17":0.19438127876386488,"inference/bin_easy/infeas_rec":0,"inference/mu_traj_nonconv_step19":0.6814572354924803,"inference/mu_traj_nonconv_step3":0.0006145625291901524,"inference/convergence_rate":0,"inference/total_samples":2000,"inference/mu_growth_rate_nonconv":128,"inference/bin_moderate/state_mse":3.933112884350594e-12,"inference/bin_moderate/mean_residual":1.0516494512557984e-06,"inference/reject_residual_mse@cov95":2.0158199686508802e-13,"inference/mu_traj_nonconv_step14":0.034422478685761176,"inference/max_vm_error_p95":7.748603820800781e-07,"inference/bin_infeasible/mean_residual":0.10363635868172369,"inference/reject_residual_mse@cov90":2.0194450050757458e-13,"inference/reject_mu_mse@cov80":1.6605384573623963e-13,"inference/bin_moderate/conv_rate":0,"inference/feasible_conv_rate":0,"inference/bin_easy/mean_residual":1.0854013204452737e-06,"inference/bin_infeasible/conv_rate":0,"inference/reject_mu_mse@cov95":1.9102795690620899e-13,"inference/mu_traj_nonconv_step18":0.3612259312198103,"_runtime":7,"inference/mu_final_bin_moderate":0.003303125156890019,"inference/mu_traj_nonconv_step0":0.0010000000474974513,"inference/bin_moderate/infeas_f1":0,"inference/reject_mu_mse@cov100":2.0589245600498896e-13,"inference/infeasibility_recall":0.16004540295119182,"inference/mu_traj_nonconv_step10":0.00582661648768692,"inference/max_vm_error_worst":3.159046173095703e-06,"inference/reject_mu_mse@cov50":1.6821243372636253e-13,"inference/mu_traj_nonconv_step6":0.0019922500946267974,"inference/bin_moderate/infeas_prec":0,"inference/infeasibility_f1":0.2751219512195122,"inference/reject_mu_auroc_hard_detect":0.6304146434960388,"inference/bin_moderate/max_vm_error":9.953975677490234e-07,"inference/bin_easy/infeas_f1":0,"inference/mu_traj_nonconv_step1":0.0005255000249599107,"inference/mu_traj_nonconv_step2":0.0004862500230956357,"inference/infeasibility_precision":0.9791666666666666,"inference/mu_traj_nonconv_step9":0.004389523645991176,"_step":0,"_wandb":{"runtime":7},"inference/spearman_residual_vs_error":0.12539507066909028,"_timestamp":1.7756168151676624e+09,"inference/state_mse":2.0589245600498896e-13,"inference/mu_traj_nonconv_step12":0.0134465421425827,"inference/bin_infeasible/infeas_f1":0.2759295499021527,"inference/reject_mu_mse@cov70":1.551346728967957e-13,"inference/infeasibility_auroc":0.884698211371228,"inference/per_sample_time_s":0.002211581230163574,"inference/reject_residual_auroc_hard_detect":0.5777887809864554,"inference/mu_traj_nonconv_step5":0.0013403750636643962,"inference/reject_residual_mse@cov70":2.0528780647280214e-13,"inference/bin_moderate/count":10,"inference/max_vm_error_mean":3.021247052421945e-07,"inference/bin_easy/conv_rate":0,"inference/bin_easy/max_vm_error":2.95873371946371e-07,"inference/total_time_s":4.423162460327148,"inference/mu_final_bin_infeasible":0.849914626066847,"inference/reject_residual_mse@cov100":2.0589245600498896e-13,"inference/reject_residual_mse@cov50":1.6544409711006812e-13,"inference/bin_easy/count":1109,"inference/bin_moderate/infeas_rec":0,"inference/bin_easy/infeas_prec":0,"inference/mu_traj_nonconv_step4":0.0008539375405598548,"inference/mean_iters":20}