{"_runtime":121,"baseline/bin_easy/count":21640,"_wandb":{"runtime":121},"baseline/bin_easy/state_mse":1.0375336788590253e-05,"baseline/feasible_conv_rate":0,"baseline/max_vm_error_p95":1.5497207641601562e-06,"baseline/total_time_s":15.593093156814575,"baseline/bin_infeasible/mean_residual":0.6710185910717957,"baseline/mean_iters":5,"baseline/total_samples":43680,"baseline/bin_moderate/count":306,"baseline/bin_easy/mean_residual":9.923160082280867e-05,"_timestamp":1.7756154417578082e+09,"baseline/per_sample_time_s":0.0003569847334435571,"baseline/bin_moderate/state_mse":4.528123495670404e-06,"baseline/max_vm_error_worst":0.057061851024627686,"baseline/bin_easy/max_vm_error":1.7117302651326007e-05,"baseline/bin_infeasible/count":21734,"baseline/bin_easy/conv_rate":0,"baseline/max_vm_error_mean":3.1537761078117256e-05,"_step":0,"baseline/convergence_rate":0,"baseline/bin_moderate/mean_residual":9.406424961448495e-05,"baseline/bin_moderate/max_vm_error":0.0010513375008028318,"baseline/bin_infeasible/conv_rate":0,"baseline/state_mse":1.0293807249374293e-05,"baseline/bin_moderate/conv_rate":0}