{"inference/feasible_conv_rate":0,"inference/mu_traj_nonconv_step10":0.038255314317029845,"inference/mu_traj_nonconv_step7":0.013259738911053774,"inference/bin_easy/infeas_prec":0,"inference/mu_traj_nonconv_step5":0.006018031535841146,"inference/reject_mu_mse@cov95":0.0156366220517446,"inference/reject_mu_mse@cov50":0.016337071289152107,"inference/mu_traj_nonconv_step9":0.02683015752436404,"_wandb":{"runtime":7},"inference/mu_final_bin_infeasible":1.7611175924617541,"inference/bin_easy/mean_residual":0.07853889717258138,"inference/mu_traj_nonconv_step15":0.19145957159384125,"inference/feasibility_ece":0.5525007154121995,"inference/bin_easy/infeas_rec":0,"_step":0,"inference/bin_moderate/infeas_f1":0,"inference/per_sample_time_s":0.002399956226348877,"inference/reject_residual_mse@cov100":0.01550362735749191,"inference/reject_residual_mse@cov80":0.01609566922009993,"inference/mu_traj_nonconv_step1":0.0005720000271685422,"inference/infeasibility_f1":0.04009163802978236,"inference/bin_moderate/infeas_rec":0,"inference/bin_easy/max_vm_error":0.24979568556915943,"inference/bin_infeasible/infeas_prec":1,"inference/mu_traj_nonconv_step19":1.9167500910407398,"inference/mu_traj_nonconv_step14":0.12125003700906746,"inference/bin_moderate/mean_residual":0.12330382764339447,"inference/mu_final_bin_easy":2.7430720727349693,"inference/bin_infeasible/infeas_rec":0.020564042303172738,"inference/reject_residual_auroc_hard_detect":0.3065177244268276,"inference/spearman_mu_vs_error":-0.1002140549849917,"inference/mu_traj_nonconv_step18":1.0759210511035053,"inference/mu_traj_nonconv_step2":0.00106037505036511,"inference/reject_residual_mse@cov90":0.01562847785040069,"inference/reject_residual_mse@cov95":0.015396487523962879,"inference/total_samples":2000,"inference/reject_mu_mse@cov100":0.01550362735749191,"inference/mu_traj_nonconv_step11":0.05124668993408704,"inference/bin_moderate/state_mse":0.011413360945880413,"inference/bin_moderate/max_vm_error":0.16358549594879152,"inference/reject_mu_mse@cov80":0.016016353410864326,"inference/infeasibility_recall":0.020564042303172738,"_runtime":7,"inference/mu_traj_nonconv_step0":0.0010000000474974513,"inference/bin_infeasible/conv_rate":0,"inference/reject_residual_mse@cov70":0.016564990722914584,"inference/reject_residual_mse@cov50":0.018129300240164736,"inference/mu_traj_nonconv_step3":0.001966062593382958,"inference/bin_infeasible/infeas_f1":0.04029936672423719,"inference/mu_traj_nonconv_step13":0.08437451963257445,"inference/infeasibility_precision":0.7954545454545454,"inference/spearman_residual_vs_error":-0.3128025558722962,"inference/mu_growth_rate_nonconv":512,"inference/max_vm_error_worst":0.48848408460617065,"inference/max_vm_error_mean":0.24400976680269176,"inference/state_mse":0.01550362735749191,"inference/mu_traj_nonconv_step17":0.5809092775917089,"inference/infeasibility_auroc":0.8427432392999945,"inference/bin_easy/state_mse":0.015797891128111443,"inference/mu_traj_nonconv_step4":0.0034964689160733543,"inference/bin_moderate/count":20,"inference/bin_moderate/conv_rate":0,"inference/reject_mu_mse@cov90":0.01581333866586158,"inference/mu_traj_nonconv_step16":0.3241026403940486,"inference/bin_moderate/infeas_prec":0,"inference/bin_easy/infeas_f1":0,"inference/mu_traj_nonconv_step8":0.01862347744706767,"inference/convergence_rate":0,"inference/reject_mu_mse@cov70":0.01598687394737051,"inference/mu_traj_nonconv_step12":0.06464790932061078,"inference/mu_final_bin_moderate":3.675200174562633,"inference/mu_traj_nonconv_step6":0.009262000439921394,"inference/bin_easy/count":278,"inference/bin_easy/conv_rate":0,"_timestamp":1.775560961334999e+09,"inference/bin_infeasible/mean_residual":0.19505728667844896,"inference/bin_infeasible/count":1702,"inference/mean_iters":20,"inference/total_time_s":4.799912452697754,"inference/reject_mu_auroc_hard_detect":0.5790279717129859,"inference/max_vm_error_p95":0.37196339666843414}