{"inference/mu_growth_rate_nonconv":128,"inference/mu_traj_nonconv_step16":0.18316815141334367,"inference/mu_traj_nonconv_step15":0.10973992020903596,"inference/mu_traj_nonconv_step0":0.0010000000474974513,"inference/mean_iters":20,"inference/bin_moderate/infeas_rec":0,"inference/reject_mu_mse@cov50":4.329709248780542e-13,"inference/bin_easy/mean_residual":1.8903636819985184e-06,"inference/mu_final_bin_infeasible":0.6984400135483277,"_runtime":55,"inference/mu_traj_nonconv_step5":0.0016670781980712853,"inference/mu_final_bin_easy":1.2971026880682128,"inference/bin_easy/conv_rate":0,"inference/bin_moderate/infeas_prec":0,"inference/reject_mu_auroc_hard_detect":0.553667275508852,"inference/reject_residual_mse@cov95":4.034869140896992e-13,"inference/reject_residual_mse@cov70":1.472266316482947e-13,"inference/reject_mu_mse@cov100":4.495685458226291e-13,"inference/convergence_rate":0,"inference/reject_mu_mse@cov70":3.607775192454622e-13,"inference/bin_infeasible/conv_rate":0,"inference/mu_traj_nonconv_step13":0.04534720905432008,"inference/bin_infeasible/count":8057,"inference/total_time_s":36.74456858634949,"inference/reject_mu_mse@cov95":4.1475488127953497e-13,"inference/spearman_mu_vs_error":-0.07997344871830103,"inference/max_vm_error_worst":6.937980651855469e-05,"inference/reject_residual_auroc_hard_detect":0.7836771957624342,"inference/reject_residual_mse@cov50":7.635583450509146e-14,"inference/bin_easy/infeas_f1":0,"inference/reject_residual_mse@cov80":2.219541916338715e-13,"inference/mu_traj_nonconv_step11":0.022623480088966568,"inference/bin_easy/state_mse":2.7011612713823477e-13,"inference/mu_traj_nonconv_step2":0.00046392258754159233,"inference/bin_infeasible/mean_residual":0.1413209524023684,"inference/mu_traj_nonconv_step9":0.009711493269004829,"inference/mu_traj_nonconv_step14":0.06684445852842863,"inference/bin_moderate/max_vm_error":2.7927120080154934e-06,"inference/bin_moderate/count":89,"inference/mu_traj_nonconv_step17":0.3016943762375887,"inference/bin_easy/count":7196,"inference/bin_easy/infeas_rec":0,"inference/bin_moderate/mean_residual":2.9651636487982246e-06,"inference/bin_moderate/conv_rate":0,"inference/state_mse":4.495685458226291e-13,"inference/bin_moderate/infeas_f1":0,"inference/mu_traj_nonconv_step7":0.004202743282333703,"inference/bin_easy/infeas_prec":0,"_wandb":{"runtime":55},"inference/bin_infeasible/infeas_rec":1,"inference/spearman_residual_vs_error":0.536924411088951,"inference/max_vm_error_mean":4.700626014599509e-07,"inference/mu_traj_nonconv_step4":0.0010384362049742244,"inference/bin_easy/max_vm_error":4.4133611491416946e-07,"inference/bin_infeasible/infeas_prec":1,"inference/reject_residual_mse@cov90":3.719357507134105e-13,"inference/mu_traj_nonconv_step1":0.000513101314945896,"inference/bin_moderate/state_mse":1.495900230821478e-11,"inference/mu_traj_nonconv_step18":0.5422033241437226,"inference/mu_final_bin_moderate":0.17574904275774356,"inference/mu_traj_nonconv_step12":0.03146390582341132,"inference/max_vm_error_p95":1.1920928955078125e-06,"inference/reject_mu_mse@cov90":4.156811257622068e-13,"inference/reject_residual_mse@cov100":4.495685458226291e-13,"inference/mu_traj_nonconv_step19":0.9762041322710973,"inference/feasible_conv_rate":0,"inference/reject_mu_mse@cov80":4.296873751591643e-13,"inference/infeasibility_precision":1,"inference/mu_traj_nonconv_step8":0.006447968659068086,"_timestamp":1.775616578882634e+09,"inference/mu_traj_nonconv_step6":0.002681902747641654,"inference/bin_infeasible/infeas_f1":1,"inference/mu_traj_nonconv_step10":0.014968950644686129,"inference/infeasibility_auroc":1,"inference/total_samples":15342,"inference/infeasibility_f1":1,"inference/mu_traj_nonconv_step3":0.0006578265858012052,"_step":0,"inference/feasibility_ece":8.025016935471834e-06,"inference/infeasibility_recall":1,"inference/per_sample_time_s":0.0023950311945215414}