{"inference/mu_traj_nonconv_step12":0.03858118000799261,"inference/mu_traj_nonconv_step19":0.9581378517643754,"inference/bin_easy/infeas_f1":0,"inference/mu_traj_nonconv_step3":0.0007769010295693436,"inference/mu_traj_nonconv_step18":0.531026291604669,"inference/reject_residual_auroc_hard_detect":0.7595303187155908,"inference/bin_easy/infeas_rec":0,"inference/bin_infeasible/conv_rate":0,"inference/mu_traj_nonconv_step5":0.001814172781296069,"inference/mu_final_bin_infeasible":0.7293029083166622,"_wandb":{"runtime":56},"inference/bin_moderate/state_mse":1.1360052913004896e-12,"inference/reject_residual_mse@cov95":2.4565847358391133e-13,"inference/bin_moderate/max_vm_error":3.0994415283203125e-06,"inference/total_samples":15413,"inference/bin_easy/conv_rate":0,"_runtime":56,"inference/bin_infeasible/mean_residual":0.1943732654346488,"inference/mu_traj_nonconv_step9":0.011698028777541468,"inference/reject_mu_auroc_hard_detect":0.5898733620391663,"inference/bin_infeasible/count":8076,"inference/mean_iters":20,"inference/reject_residual_mse@cov70":1.5076913091588457e-13,"inference/bin_easy/infeas_prec":0,"inference/mu_traj_nonconv_step17":0.3002706999251689,"inference/infeasibility_recall":0.0012382367508667657,"inference/bin_easy/state_mse":2.594546446473497e-13,"inference/bin_easy/max_vm_error":4.0736747746899895e-07,"inference/mu_traj_nonconv_step1":0.0005080776209662324,"inference/bin_easy/mean_residual":1.8214302813329247e-06,"inference/mu_traj_nonconv_step0":0.0010000000474974513,"inference/mu_traj_nonconv_step14":0.06795772687222598,"inference/reject_residual_mse@cov100":2.5969358444472003e-13,"inference/state_mse":2.5969358444472003e-13,"inference/reject_residual_mse@cov90":2.2439294380651965e-13,"inference/feasible_conv_rate":0,"inference/infeasibility_f1":0.0024734108335394507,"inference/max_vm_error_worst":5.662441253662109e-06,"inference/max_vm_error_p95":1.0728836059570312e-06,"inference/bin_infeasible/infeas_prec":1,"inference/mu_traj_nonconv_step15":0.10288376676792065,"inference/bin_easy/count":7335,"inference/mu_final_bin_easy":1.2103337998190564,"_timestamp":1.7756167307279687e+09,"inference/reject_residual_mse@cov80":1.837068470961721e-13,"inference/reject_residual_mse@cov50":7.467597773338934e-14,"inference/mu_traj_nonconv_step11":0.028077654050682084,"inference/per_sample_time_s":0.0024526387922940013,"inference/reject_mu_mse@cov95":2.1300089380468766e-13,"inference/reject_mu_mse@cov80":1.8285288944445744e-13,"inference/infeasibility_auroc":1,"inference/mu_final_bin_moderate":0.06500000308733433,"inference/bin_moderate/conv_rate":0,"inference/mu_traj_nonconv_step10":0.017829083844954473,"inference/convergence_rate":0,"inference/bin_infeasible/infeas_f1":0.0024734108335394507,"inference/reject_mu_mse@cov100":2.5969358444472003e-13,"inference/bin_moderate/infeas_rec":0,"inference/feasibility_ece":7.773147931903713e-08,"inference/total_time_s":37.80252170562744,"inference/mu_growth_rate_nonconv":128,"inference/mu_traj_nonconv_step7":0.004757179636192008,"inference/mu_traj_nonconv_step2":0.0005125219214433347,"inference/max_vm_error_mean":4.081013125653193e-07,"inference/mu_traj_nonconv_step6":0.0029012219148719437,"inference/spearman_residual_vs_error":0.49847274222702054,"inference/reject_mu_mse@cov90":2.0379540936548823e-13,"inference/mu_traj_nonconv_step16":0.17590435553758133,"inference/bin_moderate/mean_residual":2.4847686290740967e-06,"inference/mu_traj_nonconv_step13":0.0524351394285098,"inference/bin_moderate/infeas_f1":0,"inference/bin_moderate/count":2,"inference/infeasibility_precision":1,"inference/spearman_mu_vs_error":-0.01359477248206975,"inference/bin_moderate/infeas_prec":0,"inference/mu_traj_nonconv_step4":0.0012570841770118666,"inference/reject_mu_mse@cov50":1.3589937315056612e-13,"inference/mu_traj_nonconv_step8":0.007603109597243927,"inference/reject_mu_mse@cov70":1.532960206232933e-13,"_step":0,"inference/bin_infeasible/infeas_rec":0.0012382367508667657}