{"inference/bin_infeasible/count":5601,"inference/mu_traj_nonconv_step6":0.004891542785527294,"inference/spearman_mu_vs_error":0.14269608021954916,"inference/reject_mu_mse@cov70":0.02170020471226523,"inference/infeasibility_recall":0.0048205677557579,"inference/bin_moderate/infeas_f1":0,"inference/bin_infeasible/mean_residual":0.36857695768340704,"inference/infeasibility_auroc":1,"inference/bin_moderate/count":1308,"inference/bin_infeasible/infeas_rec":0.0048205677557579,"inference/bin_easy/conv_rate":0,"inference/mu_traj_nonconv_step9":0.021570391951762965,"inference/total_time_s":41.67617416381836,"inference/bin_infeasible/infeas_prec":1,"inference/mu_traj_nonconv_step18":0.787299902300443,"inference/bin_moderate/infeas_rec":0,"inference/bin_moderate/state_mse":0.027560833246980804,"inference/mu_traj_nonconv_step1":0.0005102127901912528,"inference/reject_residual_mse@cov90":0.023399910455812453,"inference/total_samples":12925,"inference/convergence_rate":0,"inference/reject_mu_auroc_hard_detect":0.6855223514203023,"inference/mu_traj_nonconv_step5":0.0029940620377615665,"inference/infeasibility_precision":0.3333333333333333,"inference/bin_moderate/infeas_prec":0,"_wandb":{"runtime":58},"inference/mu_traj_nonconv_step0":0.0010000000474974513,"inference/bin_moderate/conv_rate":0,"inference/mu_growth_rate_nonconv":512,"inference/bin_easy/state_mse":0.02242387432629875,"inference/reject_mu_mse@cov90":0.02292409476645287,"inference/reject_residual_mse@cov50":0.0138205446554414,"inference/infeasibility_f1":0.009503695881731784,"inference/mu_traj_nonconv_step11":0.05135869142786186,"inference/mu_traj_nonconv_step2":0.0006237524474216211,"inference/mu_traj_nonconv_step12":0.06945959478624858,"inference/max_vm_error_mean":0.25287246969408966,"inference/reject_residual_mse@cov80":0.02274184260148144,"inference/reject_mu_mse@cov100":0.023341288617430934,"inference/reject_residual_mse@cov95":0.02336328164995793,"inference/reject_residual_mse@cov70":0.02129497696053307,"inference/bin_easy/infeas_f1":0,"inference/max_vm_error_p95":0.3833457559347152,"inference/bin_infeasible/infeas_f1":0.009594882729211086,"inference/mu_final_bin_easy":0.7411234690653372,"inference/reject_mu_mse@cov80":0.02237544090326622,"inference/mu_traj_nonconv_step15":0.19125768966331425,"inference/bin_easy/infeas_rec":0,"inference/per_sample_time_s":0.0032244622177035483,"inference/mu_traj_nonconv_step8":0.012845301323368561,"inference/reject_residual_auroc_hard_detect":0.7652837636660451,"inference/mean_iters":20,"inference/mu_traj_nonconv_step10":0.0342257908845836,"inference/spearman_residual_vs_error":0.5018153418333358,"inference/bin_infeasible/conv_rate":0,"_step":0,"_runtime":58,"inference/max_vm_error_worst":0.5032482147216797,"_timestamp":1.7755608712162826e+09,"inference/reject_residual_mse@cov100":0.023341288617430934,"inference/mu_traj_nonconv_step4":0.0017512621721553407,"inference/mu_traj_nonconv_step16":0.30311470408830193,"inference/feasibility_ece":1.2864248961995838e-06,"inference/mu_traj_nonconv_step3":0.0010111025625315622,"inference/feasible_conv_rate":0,"inference/bin_moderate/max_vm_error":0.2838876585985907,"inference/mu_traj_nonconv_step7":0.00777945213449446,"inference/mu_traj_nonconv_step13":0.0926345620189818,"inference/bin_moderate/mean_residual":0.041083792002376066,"inference/bin_easy/max_vm_error":0.24612914072349668,"inference/bin_easy/infeas_prec":0,"inference/bin_easy/count":6016,"inference/mu_traj_nonconv_step19":1.327918117956669,"inference/mu_final_bin_infeasible":1.6857622653934565,"inference/mu_final_bin_moderate":2.4944865720367946,"inference/reject_mu_mse@cov95":0.023167259113313236,"inference/mu_traj_nonconv_step17":0.48480381307167364,"inference/state_mse":0.023341288617430934,"inference/reject_mu_mse@cov50":0.020735045186432897,"inference/mu_traj_nonconv_step14":0.12871876208274416,"inference/bin_easy/mean_residual":0.010457397787831724}